time,V,V_dot,stability_bound,task_error,u_0 (A Flexor),u_1 (A Extensor),u_2 (B Flexor),u_3 (B Extensor),tau_0,tau_1,tau_2,tau_3
0.0,66.58773104653682,[-3948.38304293],-1728.7920080457156,0.18601075237738274,0.0,1.0000000048971218,0.9999999995521796,-0.0,-0.10000000048971219,-0.10000000048971219,0.09999999995521797,0.09999999995521797
0.002,65.4084467845927,[-3882.01394316],-1701.7323836763585,0.18601075237738274,0.0,1.0000000001779976,0.9999999999662706,-0.0,-0.10000000001779977,-0.10000000001779977,0.09999999999662706,0.09999999999662706
0.004,64.6934744068534,[-4100.87057813],-1944.421431234888,0.1858219218862719,0.0,1.0000000004129226,0.9999999999855009,-0.0,-0.10000000004129227,-0.10000000004129227,0.0999999999985501,0.0999999999985501
0.006,64.1696897755312,[-4174.23689887],-2035.2472395980312,0.18553896265058473,0.0,1.0000004234621065,0.9999999828079525,-0.0,-0.10000004234621065,-0.10000004234621065,0.09999999828079525,0.09999999828079525
0.008,63.748742276423705,[-4194.16911274],-2069.2110367632695,0.18520326342095136,0.0,0.9999998921720228,1.0000000109687326,-0.0,-0.09999998921720228,-0.09999998921720228,0.10000000109687326,0.10000000109687326
0.01,63.39118195297234,[-4168.05275615],-2055.0133577144866,0.18483753017081692,0.0,1.000000036922844,0.9999999982413464,-0.0,-0.1000000036922844,-0.1000000036922844,0.09999999982413466,0.09999999982413466
0.012,63.07585286565554,[-4145.71633519],-2043.1879061887946,0.18445531780205446,0.0,1.0000000335389243,1.000000001018249,-0.0,-0.10000000335389243,-0.10000000335389243,0.10000000010182492,0.10000000010182492
0.014,62.790403081205575,[-4133.66070911],-2040.647273022749,0.18406504833041523,0.04933636607075298,-0.0,1.0000000159006552,-0.0,0.004933636607075298,0.004933636607075298,0.10000000159006553,0.10000000159006553
0.016,62.28932564999331,[-4110.94892862],-2034.6380735882813,0.18367209225606476,0.4015625611545786,-0.0,1.0000000039093202,-0.0,0.04015625611545787,0.04015625611545787,0.10000000039093203,0.10000000039093203
0.018000000000000002,61.49613951925331,[-4059.53005207],-2009.6587347285445,0.1832364474447243,0.0,1.0000000005972445,1.000000001140706,-0.0,-0.10000000005972445,-0.10000000005972445,0.1000000001140706,0.1000000001140706
0.020000000000000004,60.83255517835963,[-4006.48358372],-1978.7317444282096,0.18271271365196545,0.0,1.0000000079879392,0.9999999995737737,-0.0,-0.10000000079879393,-0.10000000079879393,0.09999999995737738,0.09999999995737738
0.022000000000000006,60.389944460469,[-3982.41513997],-1969.4169912039422,0.18213734767339712,1.0000000176472295,-0.0,0.9970495580474227,-0.0,0.10000000176472296,0.10000000176472296,0.09970495580474227,0.09970495580474227
0.024000000000000007,59.62452104827578,[-3943.12932668],-1955.6452909793127,0.18155271305297854,0.999999987250976,-0.0,0.9492724281018303,-0.0,0.09999999872509761,0.09999999872509761,0.09492724281018304,0.09492724281018304
0.02600000000000001,58.51862579883591,[-3871.1103474],-1920.4894874199106,0.1808976711724619,0.0,0.9999999526869865,1.000000002430536,-0.0,-0.09999999526869865,-0.09999999526869865,0.10000000024305361,0.10000000024305361
0.02800000000000001,57.491582896390405,[-3790.95825406],-1874.5721574928507,0.180117647582889,0.0,0.9999999834734371,1.0000000007474361,-0.0,-0.09999999834734372,-0.09999999834734372,0.10000000007474362,0.10000000007474362
0.030000000000000013,56.809633272928316,[-3746.41728935],-1852.7628466285828,0.17924606842726287,0.999999992082607,-0.0,0.9294133852933929,-0.0,0.0999999992082607,0.0999999992082607,0.09294133852933929,0.09294133852933929
0.032000000000000015,56.004982279418826,[-3704.24495599],-1837.4122132246848,0.17835473130179821,0.9999999970122123,-0.0,0.8562409998973334,-0.0,0.09999999970122124,0.09999999970122124,0.08562409998973335,0.08562409998973335
0.034000000000000016,54.9014328796251,[-3633.79405551],-1803.7462925347502,0.17741670711630325,0.0,0.6841265448197518,1.0000000002035372,-0.0,-0.06841265448197519,-0.06841265448197519,0.10000000002035372,0.10000000002035372
0.03600000000000002,53.622727309673884,[-3538.31337988],-1750.8891362126938,0.17637811243980492,0.0,1.0000000128703415,0.9999999981437285,-0.0,-0.10000000128703415,-0.10000000128703415,0.09999999981437285,0.09999999981437285
0.03800000000000002,52.695982397142146,[-3474.37678369],-1717.8440364516846,0.17522052091436385,1.0000000178301804,-0.0,0.926512422262625,-0.0,0.10000000178301804,0.10000000178301804,0.0926512422262625,0.0926512422262625
0.04000000000000002,51.71875746801302,[-3418.89240916],-1694.9338248622996,0.17402551594414814,0.9999999926582689,-0.0,0.8005845284504365,-0.0,0.0999999992658269,0.0999999992658269,0.08005845284504365,0.08005845284504365
0.04200000000000002,50.58356078485377,[-3346.63995645],-1660.521263116012,0.17277857657864015,0.19446128065006207,-0.0,0.9999999978617282,-0.0,0.01944612806500621,0.01944612806500621,0.09999999978617283,0.09999999978617283
0.044000000000000025,49.053658334110246,[-3240.74602539],-1605.624080864026,0.17145015030081567,0.0,0.9999999995440951,1.0000000026399163,-0.0,-0.09999999995440952,-0.09999999995440952,0.10000000026399164,0.10000000026399164
0.04600000000000003,47.83204306915335,[-3152.70871336],-1558.3072768543761,0.16996585411530793,0.9999999881686428,-0.0,1.0000000183422368,-0.0,0.09999999881686428,0.09999999881686428,0.1000000018342237,0.1000000018342237
0.04800000000000003,46.537178673101856,[-3071.93130157],-1520.6920119323954,0.16841365555209764,0.9999999960618525,-0.0,0.7754791140955114,-0.0,0.09999999960618526,0.09999999960618526,0.07754791140955114,0.07754791140955114
0.05000000000000003,45.324617293473835,[-2993.63636657],-1482.81578952748,0.16676883007724502,0.9999999894325503,-0.0,0.9660976851467591,-0.0,0.09999999894325504,0.09999999894325504,0.09660976851467591,0.09660976851467591
0.05200000000000003,43.66127710034929,[-2885.70765494],-1430.3317511140858,0.16505760038557896,0.0,0.5379113486088171,1.0000000011068002,-0.0,-0.05379113486088171,-0.05379113486088171,0.10000000011068003,0.10000000011068003
0.054000000000000034,42.14875288219968,[-2776.58859551],-1371.6301659972194,0.16317310662634024,0.0,0.021758098325427248,1.0000000019984312,-0.0,-0.0021758098325427248,-0.0021758098325427248,0.10000000019984312,0.10000000019984312
0.056000000000000036,40.769614390816756,[-2682.91016611],-1323.9230185255406,0.16118157092081747,0.9999999877808289,-0.0,0.8269794360380442,-0.0,0.0999999987780829,0.0999999987780829,0.08269794360380443,0.08269794360380443
0.05800000000000004,39.45647037853132,[-2600.77013485],-1285.5544548634111,0.15911620862107698,0.9999984469154366,-0.0,0.7994311380611476,-0.0,0.09999984469154366,0.09999984469154366,0.07994311380611477,0.07994311380611477
0.06000000000000004,38.00446620891766,[-2508.2386307],-1241.4230900890082,0.15698851825538337,0.09677584650406618,-0.0,0.9347149821891737,-0.0,0.009677584650406619,0.009677584650406619,0.09347149821891737,0.09347149821891737
0.06200000000000004,36.43752645050242,[-2400.75239105],-1186.1681760117185,0.1547601685650754,0.0,0.3068634744278835,0.9999999996528263,-0.0,-0.03068634744278835,-0.03068634744278835,0.09999999996528264,0.09999999996528264
0.06400000000000004,34.956840011091074,[-2294.71733035],-1129.4893299365738,0.1524153802869675,0.9999999980691662,-0.0,0.9307061095518393,-0.0,0.09999999980691662,0.09999999980691662,0.09307061095518393,0.09307061095518393
0.06600000000000004,33.460102690323005,[-2203.8022863],-1088.4655297951497,0.14998713577358602,0.0,0.2757286873729019,0.7264951486712338,-0.0,-0.02757286873729019,-0.02757286873729019,0.07264951486712339,0.07264951486712339
0.06800000000000005,32.23389231596189,[-2116.61621376],-1042.1531364487735,0.14745185850165107,0.9999987956705919,-0.0,0.934741777074989,-0.0,0.09999987956705919,0.09999987956705919,0.0934741777074989,0.0934741777074989
0.07000000000000005,30.692603560310147,[-2022.26732457],-999.1805383114497,0.1449251304775493,0.0,0.6697145091388691,0.8428902603471442,-0.0,-0.06697145091388691,-0.06697145091388691,0.08428902603471443,0.08428902603471443
0.07200000000000005,29.40688294894764,[-1925.4666831],-945.2372514613104,0.14226402837275506,0.9999999992907436,-0.0,0.9991245353062855,-0.0,0.09999999992907437,0.09999999992907437,0.09991245353062855,0.09991245353062855
0.07400000000000005,27.885322513395533,[-1832.8911934],-903.3804421486382,0.13959514252914612,0.0,0.7596382824779796,0.8252338031785061,-0.0,-0.07596382824779796,-0.07596382824779796,0.08252338031785061,0.08252338031785061
0.07600000000000005,26.685550362808677,[-1742.00968865],-852.491343131015,0.13678530314997245,0.9999999896986042,-0.0,0.9854344282577838,-0.0,0.09999999896986042,0.09999999896986042,0.09854344282577839,0.09854344282577839
0.07800000000000006,25.238238822489507,[-1654.69952594],-813.4248984722211,0.13399967396504084,0.0,0.730911892992889,0.8971895544235494,-0.0,-0.0730911892992889,-0.0730911892992889,0.08971895544235495,0.08971895544235495
0.08000000000000006,24.052359216057887,[-1564.31408706],-762.5687798440001,0.13108365867832625,0.9999999997542113,-0.0,1.000000001137414,-0.0,0.09999999997542114,0.09999999997542114,0.1000000001137414,0.1000000001137414
0.08200000000000006,22.668449786095014,[-1475.49527238],-719.8802794558635,0.12818240041381904,0.18709448980436316,-0.0,0.9999999913881078,-0.0,0.018709448980436316,0.018709448980436316,0.09999999913881079,0.09999999913881079
0.08400000000000006,21.391219818933816,[-1384.94788002],-671.9072193872579,0.12515368599428656,0.9999999997909631,-0.0,0.999999999892473,-0.0,0.09999999997909631,0.09999999997909631,0.0999999999892473,0.0999999999892473
0.08600000000000006,20.063673822890053,[-1295.85193854],-627.0628111060876,0.12205388063069329,0.9999999906407674,-0.0,0.9999999996409109,-0.0,0.09999999906407675,0.09999999906407675,0.09999999996409109,0.09999999996409109
0.08800000000000006,18.766869410966404,[-1203.22743118],-577.6651174813355,0.11882536787597098,1.0000000001683444,-0.0,0.9999999999134446,-0.0,0.10000000001683446,0.10000000001683446,0.09999999999134446,0.09999999999134446
0.09000000000000007,17.51372636777308,[-1097.50662013],-513.7157412007098,0.11546400875487235,0.9999999997752653,-0.0,0.9999999991280847,-0.0,0.09999999997752654,0.09999999997752654,0.09999999991280847,0.09999999991280847
0.09200000000000007,16.312107823611917,[-984.95674163],-441.2198141684353,0.11197176270564364,0.9999999990013342,-0.0,0.9999999934651836,-0.0,0.09999999990013342,0.09999999990013342,0.09999999934651838,0.09999999934651838
0.09400000000000007,15.169469522868923,[-858.02654767],-352.3775623439768,0.1083519787917468,0.9999992806061253,-0.0,1.0000011994897027,-0.0,0.09999992806061253,0.09999992806061253,0.10000011994897028,0.10000011994897028
0.09600000000000007,14.093032572425276,[-752.242841],-282.4750881931451,0.10460898237546663,1.0000000573875079,-0.0,0.0,1.000000063965805,0.10000000573875079,0.10000000573875079,-0.10000000639658052,-0.10000000639658052
0.09800000000000007,13.133423963452598,[-802.60276532],-364.82196653283086,0.10074801878945648,0.0,0.9999999999796988,0.9999999999361722,-0.0,-0.09999999999796988,-0.09999999999796988,0.09999999999361722,0.09999999999361722
0.10000000000000007,12.11760454215336,[-548.77027023],-144.8501181527659,0.09711274184048899,1.0000002512873347,-0.0,0.6642778868158579,-0.0,0.10000002512873347,0.10000002512873347,0.06642778868158579,0.06642778868158579
0.10200000000000008,11.233879780400867,[-459.57491577],-85.11225642746444,0.09353950090450282,1.0000000031011524,-0.0,0.0,0.9999999936102775,0.10000000031011524,0.10000000031011524,-0.09999999936102776,-0.09999999936102776
0.10400000000000008,10.48169920619477,[-663.23130118],-313.84132762280115,0.0898533184165833,0.0,0.9999999997298452,0.9999999997983035,-0.0,-0.09999999997298453,-0.09999999997298453,0.09999999997983035,0.09999999997983035
0.10600000000000008,9.567988455760482,[-441.22587017],-122.2929213663819,0.08628867021281807,0.0,0.9992385314865263,0.0,1.0000124879173686,-0.09992385314865264,-0.09992385314865264,-0.10000124879173687,-0.10000124879173687
0.10800000000000008,8.864920598031777,[-547.18898323],-251.69162996216477,0.08279261106925508,0.0,0.9999999999711627,0.9999999999623921,-0.0,-0.09999999999711628,-0.09999999999711628,0.09999999999623921,0.09999999999623921
0.11000000000000008,8.1424680117064,[-390.70892844],-119.29332749008216,0.07960224315254773,0.9999999731391357,-0.0,0.0,1.0000000855673588,0.09999999731391357,0.09999999731391357,-0.10000000855673588,-0.10000000855673588
0.11200000000000009,7.61136640861012,[-498.73129799],-245.01908437148046,0.07647570371977193,0.0,0.9999999999240663,0.999999999715755,-0.0,-0.09999999999240664,-0.09999999999240664,0.0999999999715755,0.0999999999715755
0.11400000000000009,6.934364486324952,[-368.51604054],-137.37055766571166,0.07337292058063542,0.9999999996447316,-0.0,0.0,0.9999999998634223,0.09999999996447317,0.09999999996447317,-0.09999999998634224,-0.09999999998634224
0.11600000000000009,6.480270681960162,[-423.21730687],-207.20828405542562,0.07034738035347407,0.0,1.0000000078187257,1.000000024906897,-0.0,-0.10000000078187257,-0.10000000078187257,0.1000000024906897,0.1000000024906897
0.11800000000000009,5.881273478739097,[-368.76347827],-172.72102897795196,0.06731855501048882,0.0,0.9999999910247519,0.0,1.0000000005660776,-0.0999999991024752,-0.0999999991024752,-0.10000000005660777,-0.10000000005660777
0.12000000000000009,5.374188036663916,[-329.19032825],-150.05072681822097,0.06438109631586285,0.0,1.0000000566741891,0.9999999913027324,-0.0,-0.10000000566741891,-0.10000000566741891,0.09999999913027324,0.09999999913027324
0.1220000000000001,4.9444454822662705,[-323.22094296],-158.40609353477734,0.06167023145331561,0.0,0.9180094627602073,0.0,0.9999999989403846,-0.09180094627602074,-0.09180094627602074,-0.09999999989403846,-0.09999999989403846
0.1240000000000001,4.500461465640319,[-262.91911028],-112.90372809470267,0.05905655654126282,0.0,0.9999999999110111,0.9999999998230706,-0.0,-0.09999999999110111,-0.09999999999110111,0.09999999998230708,0.09999999998230708
0.12600000000000008,4.184210937938287,[-277.39571774],-137.92201980216353,0.05663446889457199,0.0,1.000000001087741,0.0,0.8556486817046757,-0.1000000001087741,-0.1000000001087741,-0.08556486817046757,-0.08556486817046757
0.12800000000000009,3.7890195563415174,[-177.10884406],-50.80819213602474,0.054322354787638694,0.0,1.000000005928395,1.0000000310069497,-0.0,-0.10000000059283952,-0.10000000059283952,0.10000000310069497,0.10000000310069497
0.1300000000000001,3.589844886408805,[-238.2245891],-118.56309286932289,0.05218272171717217,0.0,0.9999999962834425,0.0,0.7723626747984967,-0.09999999962834426,-0.09999999962834426,-0.07723626747984969,-0.07723626747984969
0.1320000000000001,3.2307721757327457,[-136.12185898],-28.429453082851737,0.05016327988224991,1.0000000007217504,-0.0,0.0,1.0000000105921023,0.10000000007217505,0.10000000007217505,-0.10000000105921024,-0.10000000105921024
0.1340000000000001,3.06767853057245,[-203.32609244],-101.07014140682419,0.04829281833845324,0.0,0.9999999956000357,0.6600922984181207,-0.0,-0.09999999956000358,-0.09999999956000358,0.06600922984181207,0.06600922984181207
0.1360000000000001,2.7625562629050022,[-164.60621984],-72.5210109887144,0.046359709685018805,0.9999999298790443,-0.0,0.0,1.0000000758079104,0.09999999298790443,0.09999999298790443,-0.10000000758079104,-0.10000000758079104
0.1380000000000001,2.632031016204186,[-174.33826531],-86.6038980956467,0.04458853085894843,0.0,0.9999999977093701,0.33739208503217333,-0.0,-0.09999999977093701,-0.09999999977093701,0.033739208503217336,0.033739208503217336
0.1400000000000001,2.342522368308654,[-97.85686176],-19.772782813693986,0.04270207656976807,0.0,1.0000000009997099,1.0000000028087597,-0.0,-0.100000000099971,-0.100000000099971,0.10000000028087597,0.10000000028087597
0.1420000000000001,2.25044664897121,[-148.03872921],-73.02384090928616,0.040980809178977076,0.0,0.9999999997039715,0.0,0.6093379779187048,-0.09999999997039716,-0.09999999997039716,-0.060933797791870484,-0.060933797791870484
0.1440000000000001,1.991912270327517,[-99.3910735],-32.993997731742354,0.03935526502629885,0.9999999976162026,-0.0,0.0,1.0000000362070123,0.09999999976162027,0.09999999976162027,-0.10000000362070123,-0.10000000362070123
0.1460000000000001,1.903281220145521,[-125.92226741],-62.47956006699087,0.03783728320845157,0.0,0.9999999997287781,0.36574541105507113,-0.0,-0.09999999997287781,-0.09999999997287781,0.03657454110550711,0.03657454110550711
0.1480000000000001,1.6840269096796476,[-78.32565841],-22.191428081358218,0.03621875516198725,0.0,0.999999998021076,0.0,0.9335752066516673,-0.09999999980210761,-0.09999999980210761,-0.09335752066516673,-0.09335752066516673
0.1500000000000001,1.60191377289301,[-105.25509069],-51.857964922388625,0.03478124845473816,0.3496894792404806,-0.0,0.5128956774998797,-0.0,0.03496894792404806,0.03496894792404806,0.051289567749987976,0.051289567749987976
0.1520000000000001,1.4393523542652114,[-58.23955995],-10.261148113571146,0.03348316018073655,0.0,1.000000058999134,0.2522297631023767,-0.0,-0.10000000589991341,-0.10000000589991341,0.025222976310237673,0.025222976310237673
0.1540000000000001,1.3367145416761337,[-85.85572345],-41.29857205666485,0.03214894017614875,0.0,0.9999999975223542,0.0,0.8751706719921941,-0.09999999975223543,-0.09999999975223543,-0.08751706719921942,-0.08751706719921942
0.1560000000000001,1.2521352272762762,[-80.81335854],-39.07551761913345,0.030924319651597493,0.7809642339320386,-0.0,0.4187201890549255,-0.0,0.07809642339320387,0.07809642339320387,0.04187201890549255,0.04187201890549255
0.1580000000000001,1.1422112503245643,[-50.7805665],-12.706858147195458,0.02982436687422766,0.0,1.0000000018844009,0.0,0.613053767304483,-0.10000000018844009,-0.10000000018844009,-0.06130537673044831,-0.06130537673044831
0.16000000000000011,1.0686228948546561,[-69.26123831],-33.64047514526665,0.02863022607161764,0.9999999972239074,-0.0,0.7083482319296982,-0.0,0.09999999972239075,0.09999999972239075,0.07083482319296983,0.07083482319296983
0.16200000000000012,0.9920648454101739,[-64.56638343],-31.497555252655065,0.02756630289820807,0.0,0.9999999999782946,0.0,0.32269487376317174,-0.09999999999782946,-0.09999999999782946,-0.03226948737631718,-0.03226948737631718
0.16400000000000012,0.8943672616488819,[-46.11876558],-16.306523521631007,0.026367051854006295,0.0,1.0000000005308465,0.0,0.9263655932597774,-0.10000000005308465,-0.10000000005308465,-0.09263655932597775,-0.09263655932597775
0.16600000000000012,0.865509103955456,[-56.61289887],-27.762595400887566,0.025282256080186184,0.17935346478256503,-0.0,0.3640325006298647,-0.0,0.017935346478256505,0.017935346478256505,0.03640325006298647,0.03640325006298647
0.16800000000000012,0.7620493755134793,[-42.80369746],-17.4020516065282,0.024342624550256105,0.0,0.5851678793025282,1.000000034089026,-0.0,-0.05851678793025283,-0.05851678793025283,0.10000000340890261,0.10000000340890261
0.17000000000000012,0.7749510113268467,[-50.22079416],-24.389093780045446,0.02339519760550306,0.0,0.999999999922897,0.0,0.28872196201778,-0.0999999999922897,-0.0999999999922897,-0.028872196201778,-0.028872196201778
0.17200000000000013,0.6655413841121627,[-42.33782301],-20.15311020470078,0.022497435387710363,0.0,0.4124663162825632,0.0,0.8158076204634803,-0.04124663162825632,-0.04124663162825632,-0.08158076204634804,-0.08158076204634804
0.17400000000000013,0.621428024386933,[-40.10938201],-19.3951145314889,0.021682740690932997,0.6310925596743931,-0.0,0.25246191167065796,-0.0,0.06310925596743931,0.06310925596743931,0.025246191167065796,0.025246191167065796
0.17600000000000013,0.561822308703418,[-26.25911532],-7.5317050286937945,0.02091166503892631,0.0,1.0000000013938533,0.5727498815282869,-0.0,-0.10000000013938533,-0.10000000013938533,0.05727498815282869,0.05727498815282869
0.17800000000000013,0.5521485495869684,[-36.22590871],-17.820957050992114,0.020077171155689345,0.0,0.4338193492035581,0.0,0.15563269773987568,-0.04338193492035581,-0.04338193492035581,-0.015563269773987568,-0.015563269773987568
0.18000000000000013,0.4895937582606039,[-30.13775026],-13.817958315132342,0.01937035227806298,0.3334242006461637,-0.0,0.0,0.5100143506318038,0.03334242006461637,0.03334242006461637,-0.05100143506318038,-0.05100143506318038
0.18200000000000013,0.4554870522768072,[-28.82497432],-13.642072573028395,0.018678090082582612,0.0,0.6079194844124215,0.16221560823890388,-0.0,-0.06079194844124215,-0.06079194844124215,0.01622156082389039,0.01622156082389039
0.18400000000000014,0.4128314091117495,[-19.73926231],-5.978215340286829,0.017920580751884848,1.0000000138951344,-0.0,0.2717352259442669,-0.0,0.10000000138951344,0.10000000138951344,0.027173522594426694,0.027173522594426694
0.18600000000000014,0.39594245372454134,[-25.88669886],-12.688617069083179,0.017265223105350985,0.0,0.9999999997764965,0.0,0.26869689416638043,-0.09999999997764965,-0.09999999997764965,-0.026869689416638046,-0.026869689416638046
0.18800000000000014,0.34894783737247637,[-17.28707989],-5.655485306495062,0.016456820818871593,0.0,1.0000000044259592,0.0,0.29635044099492225,-0.10000000044259592,-0.10000000044259592,-0.029635044099492226,-0.029635044099492226
0.19000000000000014,0.3223661124726588,[-19.17560676],-8.430069680980314,0.015767380933329495,0.8255097146940155,-0.0,0.3615587347888033,-0.0,0.08255097146940155,0.08255097146940155,0.03615587347888033,0.03615587347888033
0.19200000000000014,0.30246875436803744,[-19.27407892],-9.19178710936722,0.01520276612491654,0.0,0.9999999999442656,0.0,0.20158681666968897,-0.09999999999442656,-0.09999999999442656,-0.020158681666968898,-0.020158681666968898
0.19400000000000014,0.2706267829345125,[-10.99566202],-1.9747692594215156,0.014522209431892997,0.0,1.0000000005903993,0.0,0.19323430092488791,-0.10000000005903993,-0.10000000005903993,-0.019323430092488793,-0.019323430092488793
0.19600000000000015,0.25446510620443946,[-14.82519418],-6.343023968089414,0.01395391746801162,0.5459162193112468,-0.0,0.19743384931291755,-0.0,0.054591621931124684,0.054591621931124684,0.019743384931291755,0.019743384931291755
0.19800000000000015,0.23417281833374076,[-10.40443066],-2.5986700518547465,0.013504643507207767,0.0,1.0000000066538688,0.0,0.248169733534083,-0.10000000066538689,-0.10000000066538689,-0.024816973353408302,-0.024816973353408302
0.20000000000000015,0.22017805253788122,[-14.11649149],-6.7772230741339445,0.012967021133895818,0.6056439673552342,-0.0,0.24819457005507606,-0.0,0.06056439673552342,0.06056439673552342,0.024819457005507608,0.024819457005507608
0.20200000000000015,0.20255254869648923,[-10.58863258],-3.8368809524798104,0.012542343186042772,0.0,1.0000000035068108,0.0,0.238818499754229,-0.10000000035068109,-0.10000000035068109,-0.023881849975422902,-0.023881849975422902
0.20400000000000015,0.18838588791934038,[-12.10184398],-5.822314384103783,0.012024909752874175,0.6655696522707274,-0.0,0.25159685109816193,-0.0,0.06655696522707275,0.06655696522707275,0.025159685109816195,0.025159685109816195
0.20600000000000016,0.17512011938208938,[-10.57591159],-4.738574277907642,0.011619357776091492,0.0,0.9999999999500501,0.0,0.19828761701190245,-0.09999999999500502,-0.09999999999500502,-0.019828761701190245,-0.019828761701190245
0.20800000000000016,0.15944210090808977,[-9.73115957],-4.4164228686946565,0.01111214654232737,0.8688028935592739,-0.0,0.3026994378599467,-0.0,0.0868802893559274,0.0868802893559274,0.03026994378599467,0.03026994378599467
0.21000000000000016,0.15436192686200928,[-10.17461542],-5.02921786205351,0.010717907708060886,0.0,0.7526199778380731,0.0,0.1269861035438563,-0.07526199778380732,-0.07526199778380732,-0.012698610354385631,-0.012698610354385631
0.21200000000000016,0.1345773594656174,[-7.74217973],-3.2562677517372602,0.010193702188808024,0.0,0.9999999999412168,0.0,0.17338261018162707,-0.09999999999412168,-0.09999999999412168,-0.017338261018162708,-0.017338261018162708
0.21400000000000016,0.12382809397742749,[-6.78192784],-2.654324706864701,0.009749965330987797,0.2760456004626171,-0.0,0.11078707589257109,-0.0,0.027604560046261713,0.027604560046261713,0.011078707589257109,0.011078707589257109
0.21600000000000016,0.1142572319977312,[-5.47159995],-1.6630255486082137,0.009422606390989255,0.0,0.999999998568512,0.0,0.12634446603289398,-0.09999999985685121,-0.09999999985685121,-0.012634446603289398,-0.012634446603289398
0.21800000000000017,0.10873191909761587,[-6.72206254],-3.097665238796886,0.009039864982919539,0.18912535764109906,-0.0,0.12401003942931538,-0.0,0.01891253576410991,0.01891253576410991,0.012401003942931539,0.012401003942931539
0.22000000000000017,0.09916551869613206,[-5.52514203],-2.219624737052906,0.008771260184742157,0.639044647736937,-0.0,0.17963250764930974,-0.0,0.0639044647736937,0.0639044647736937,0.017963250764930976,0.017963250764930976
0.22200000000000017,0.09600212450357495,[-6.28649526],-3.0864244427344416,0.008456067085388605,0.0,0.6909467668593883,0.0,0.10040963872382579,-0.06909467668593883,-0.06909467668593883,-0.01004096387238258,-0.01004096387238258
0.22400000000000017,0.08347792739892713,[-4.73042661],-1.9478290279880288,0.008033803455539706,0.0,0.9999999995426263,0.0,0.11574067723799253,-0.09999999995426263,-0.09999999995426263,-0.011574067723799254,-0.011574067723799254
0.22600000000000017,0.07857684367007817,[-4.27912965],-1.2599437944664784,0.007686565523866072,0.08334148813864335,-0.0,0.050694616688122744,-0.0,0.008334148813864335,0.008334148813864335,0.005069461668812275,0.005069461668812275
0.22800000000000017,0.07271291359136615,[-4.25748327],-1.8337194837693325,0.007455397211289607,0.24334781017653356,-0.0,0.08149680965364928,-0.0,0.024334781017653358,0.024334781017653358,0.008149680965364928,0.008149680965364928
0.23000000000000018,0.06765631377526296,[-3.99347941],-1.7382689465896772,0.007189582828532852,0.0,0.838983978057443,0.0,0.09092482655666369,-0.0838983978057443,-0.0838983978057443,-0.009092482655666369,-0.009092482655666369
0.23200000000000018,0.06260678554652534,[-3.82318746],-1.7362946080867772,0.006870502989300377,0.0764943482399306,-0.0,0.11352731252372725,-0.0,0.007649434823993061,0.007649434823993061,0.011352731252372725,0.011352731252372725
0.23400000000000018,0.057093796474020096,[-2.74702083],-0.8438942780934271,0.0066461839335218344,0.021251640291175728,-0.0,0.06454382510903584,-0.0,0.002125164029117573,0.002125164029117573,0.006454382510903584,0.006454382510903584
0.23600000000000018,0.05321036134405097,[-3.07229523],-1.2986165189894976,0.006389777619733024,0.0,0.7577456456722261,0.0,0.11081903338994863,-0.07577456456722262,-0.07577456456722262,-0.011081903338994864,-0.011081903338994864
0.23800000000000018,0.050114784423654794,[-2.86402614],-1.193533327185228,0.006107370851778377,0.0,0.01646504916773296,0.05704225252034549,-0.0,-0.001646504916773296,-0.001646504916773296,0.00570422525203455,0.00570422525203455
0.24000000000000019,0.04631782838214167,[-2.6752172],-1.1312895843600796,0.005906895332470882,0.0433103622831182,-0.0,0.06363389835489663,-0.0,0.00433103622831182,0.00433103622831182,0.006363389835489664,0.006363389835489664
0.2420000000000002,0.04293019900587642,[-2.36345648],-0.9324498414616206,0.005687698199007601,0.0,0.5465879627983843,0.0,0.0352378415932593,-0.05465879627983843,-0.05465879627983843,-0.0035237841593259303,-0.0035237841593259303
0.2440000000000002,0.0396711889037159,[-2.2319421],-0.9095691394945622,0.0054409080577757585,0.0,0.05799353543707939,0.0637221751912332,-0.0,-0.00579935354370794,-0.00579935354370794,0.00637221751912332,0.00637221751912332
0.2460000000000002,0.036619690596104856,[-1.95824641],-0.737590057191714,0.0052479966826680935,0.0,0.15638126545766046,0.02227733153076545,-0.0,-0.015638126545766046,-0.015638126545766046,0.002227733153076545,0.002227733153076545
0.2480000000000002,0.034228851113387575,[-1.84937212],-0.7084104205098245,0.005040423294667115,0.0,0.3126375951473054,0.0035304772597583804,-0.0,-0.03126375951473054,-0.03126375951473054,0.00035304772597583804,0.00035304772597583804
0.25000000000000017,0.03178868251700235,[-1.76028293],-0.70066017864227,0.004831982662012501,0.0,0.15990652965932142,0.035794760642815227,-0.0,-0.015990652965932144,-0.015990652965932144,0.0035794760642815227,0.0035794760642815227
0.25200000000000017,0.029571369147550562,[-1.62555546],-0.6398431572064298,0.0046452964355782715,0.0,0.22396047504802474,0.012957761334364746,-0.0,-0.022396047504802476,-0.022396047504802476,0.0012957761334364748,0.0012957761334364748
0.25400000000000017,0.027781359779682942,[-1.55712444],-0.6310791123827416,0.0044585504427200415,0.0,0.21821086992542363,0.01667254638480712,-0.0,-0.021821086992542364,-0.021821086992542364,0.001667254638480712,0.001667254638480712
0.25600000000000017,0.026087342310993335,[-1.4486878],-0.5791097206460587,0.0042809756387090035,0.0,0.21773714773744887,0.015690812039646576,-0.0,-0.021773714773744887,-0.021773714773744887,0.0015690812039646576,0.0015690812039646576
0.2580000000000002,0.02460952489958575,[-1.35361514],-0.5332976432811025,0.004112213850636724,0.0,0.21827506570497246,0.013554250218772337,-0.0,-0.021827506570497247,-0.021827506570497247,0.001355425021877234,0.001355425021877234
0.2600000000000002,0.023360831089135527,[-1.27519758],-0.49650320752521,0.003952293782485431,0.0,0.2158461459607743,0.013173592839503812,-0.0,-0.021584614596077432,-0.021584614596077432,0.0013173592839503812,0.0013173592839503812
0.2620000000000002,0.02228138475278764,[-1.20919718],-0.4664843537875238,0.0038015890932508265,0.0,0.21317831049921993,0.01388001208661717,-0.0,-0.021317831049921993,-0.021317831049921993,0.001388001208661717,0.001388001208661717
0.2640000000000002,0.021324268541021013,[-1.15081595],-0.4400070000438017,0.003660059314492517,0.0,0.2111447565445923,0.014613221631531495,-0.0,-0.02111447565445923,-0.02111447565445923,0.0014613221631531496,0.0014613221631531496
0.2660000000000002,0.02048203696007809,[-1.0992082],-0.41647363126006365,0.0035275262744781837,0.0,0.2093390351826011,0.014990778583960383,-0.0,-0.020933903518260112,-0.020933903518260112,0.0014990778583960384,0.0014990778583960384
0.2680000000000002,0.019762625037991893,[-1.05589753],-0.39714335805197887,0.0034038592345464603,0.0,0.20738852477062492,0.015277987753279244,-0.0,-0.020738852477062492,-0.020738852477062492,0.0015277987753279246,0.0015277987753279246
0.2700000000000002,0.019161641880993396,[-1.0209603],-0.38223890818133105,0.0032889966165841637,0.0,0.20538362271882943,0.01572810054643441,-0.0,-0.020538362271882944,-0.020538362271882944,0.001572810054643441,0.001572810054643441
0.2720000000000002,0.018663715038929284,[-0.99294172],-0.3708178824970471,0.0031828909418691325,0.0,0.20355143017997962,0.016295992146762358,-0.0,-0.020355143017997963,-0.020355143017997963,0.0016295992146762358,0.0016295992146762358
0.2740000000000002,0.01825679831061142,[-0.97065937],-0.36209942558084296,0.0030854755020409495,0.0,0.20196521901720252,0.016834801533735805,-0.0,-0.020196521901720253,-0.020196521901720253,0.0016834801533735805,0.0016834801533735805
0.2760000000000002,0.017936552940728087,[-0.95383328],-0.35594818557230623,0.002996678544709547,0.0,0.200563881500799,0.01730394320876109,-0.0,-0.0200563881500799,-0.0200563881500799,0.0017303943208761092,0.0017303943208761092
0.2780000000000002,0.017700683548011485,[-0.94244731],-0.35242452107382854,0.002916446795272951,0.0,0.19930270717421952,0.01774987561131543,-0.0,-0.019930270717421955,-0.019930270717421955,0.0017749875611315431,0.0017749875611315431
0.2800000000000002,0.01754465216773274,[-0.93621578],-0.3513940417936473,0.0028447430854902918,0.0,0.19819320242713503,0.018204656188905616,-0.0,-0.019819320242713503,-0.019819320242713503,0.0018204656188905617,0.0018204656188905617
0.2820000000000002,0.01746276007643979,[-0.93468963],-0.3525976308368303,0.00278152663117466,0.0,0.19725275567866937,0.018657330259380947,-0.0,-0.019725275567866938,-0.019725275567866938,0.0018657330259380948,0.0018657330259380948
0.2840000000000002,0.01745049084161274,[-0.93753542],-0.35585239365726656,0.0027267384128030147,0.0,0.1964710816716478,0.01908957158938015,-0.0,-0.019647108167164782,-0.019647108167164782,0.0019089571589380148,0.0019089571589380148
0.2860000000000002,0.017504731850895475,[-0.94457346],-0.361082396613309,0.0026802970925050742,0.0,0.1958225236420072,0.019500872383001706,-0.0,-0.01958225236420072,-0.01958225236420072,0.0019500872383001707,0.0019500872383001707
0.2880000000000002,0.017622658826388804,[-0.9556532],-0.36823123713814016,0.0026420962629120537,0.0,0.1952881173666882,0.019900581513924643,-0.0,-0.01952881173666882,-0.01952881173666882,0.0019900581513924644,0.0019900581513924644
0.2900000000000002,0.01780117959315223,[-0.97058436],-0.3772117116406738,0.0026119973611254945,0.0,0.1948493948445285,0.020295136855933392,-0.0,-0.019484939484452853,-0.019484939484452853,0.002029513685593339,0.002029513685593339
0.2920000000000002,0.01803719997302055,[-0.9891733],-0.38793330553213184,0.002589821934270617,0.0,0.19449666274427427,0.020683644326513935,-0.0,-0.01944966627442743,-0.01944966627442743,0.0020683644326513935,0.0020683644326513935
0.2940000000000002,0.018327948011861907,[-1.01125039],-0.4003187848172576,0.0025753470166861923,0.0,0.19421573862363892,0.02106560828329882,-0.0,-0.019421573862363893,-0.019421573862363893,0.002106560828329882,0.002106560828329882
0.2960000000000002,0.01867092083899725,[-1.03666849],-0.4143044586805419,0.002568306003053956,0.0,0.19399130749728755,0.021442763293514723,-0.0,-0.019399130749728755,-0.019399130749728755,0.0021442763293514724,0.0021442763293514724
0.2980000000000002,0.019063719246782886,[-1.06528721],-0.4298299030577642,0.0025683914727324666,0.0,0.19381140015895776,0.0218174461968037,-0.0,-0.019381140015895776,-0.019381140015895776,0.00218174461968037,0.00218174461968037
