time,sim_time,u0,task_error,u1,u2,u3,u4,u5,u6,u7,u8
0.0,0.005,2.840020767311705,0.396313086460692,-1.6129595686393537e-07,11.959201629232467,1.1301611982895126,-1.1757259703053458e-07,8.90683097569366,0.11696375073004794,-3.075803483872324e-08,2.905227055978205
0.025,0.030000000000000002,0.742878049759976,0.3758823281554254,-2.0653690461134104e-07,12.060866760733813,0.2151030904005717,-9.10728870102579e-08,5.740905969894788,0.011643581108370488,-1.9576493804501644e-08,0.8125175376891367
0.049999999999999996,0.05499999999999999,0.16986357682916256,0.3484942118547221,-0.0003502381327784466,14.412199563886915,0.04567243321912578,-0.00025551916584048523,6.911425610287008,-0.0008252975676412089,-0.0009271421625699047,0.9966409057508969
0.075,0.08,0.041986705873480176,0.32022394247847635,-0.0006765456079869651,12.47275686097394,0.013044709519521832,-0.0005359037575009939,5.370485371060761,-0.003549980859438753,0.00014973881839153825,0.6147883447134433
0.10000000000000002,0.10500000000000002,0.059305724492058294,0.29074601719486715,-0.00013260733604694968,16.404615021857026,-0.04333543419621694,-2.4297299584842138e-05,5.3074017587398785,-0.013585308742688054,-0.0004953703394745307,0.2650100430539847
0.12500000000000003,0.13000000000000003,0.61297528489588,0.26276714807842927,4.6201048129608934e-05,22.771672634495776,0.24003883599406722,0.00021099839123329769,6.885659544174096,-0.029066277445510325,-0.00020481381744457357,6.105937884788108e-05
0.15000000000000005,0.15500000000000005,0.8050046121095843,0.24315519202159708,0.00010734245254166223,22.84192097688409,0.2980562762822244,2.3506744804095395e-06,7.908801703156469,0.01702568575960314,0.00026782509529297145,-2.7216699751263727e-05
0.17500000000000007,0.18000000000000008,0.8257512363521351,0.23033024336729654,-0.0006852919714137288,22.898628465313188,0.3237466341911567,0.0033027516144382148,7.7913220522399715,0.08101773769965044,-0.0216890880342072,-1.4885750387413933e-05
0.2000000000000001,0.2050000000000001,0.8577577768774702,0.21532227176983937,-0.001966484736464547,21.829169434758096,0.3618393492305284,0.0003939130829011059,7.746740196587355,0.014813866755206028,0.025151369581591462,0.3884746731315111
0.22500000000000012,0.23000000000000012,0.6872518517844715,0.20114124475572942,-0.017829233290069225,22.470561178410897,0.3193669440872529,-0.019385238148667442,10.627717664458226,-0.01118666030292952,0.004372378093475166,1.7414671660749628
0.2500000000000001,0.2550000000000001,0.7549149586830913,0.1875118460245717,0.001406160114268178,18.506120564806924,0.32833747984715456,0.004925963273771193,7.451442442943682,0.012228311026747082,-0.038953620094583585,0.8804017930387414
0.27500000000000013,0.28000000000000014,0.6511516907135098,0.1738759292185238,0.019047573199972394,18.07673941148982,0.3055712427403833,0.018815138204424656,8.262950871170547,0.031079323004718877,0.004378951816194368,1.3937906917835015
0.30000000000000016,0.30500000000000016,0.645852518296399,0.16062246074772127,-0.00272407960137377,15.847212608195308,0.28959354704280044,-0.007039250662999422,6.5792879302184,0.03477868905698,0.02583652631225744,0.9125638842058094
0.3250000000000002,0.3300000000000002,0.6037052530585051,0.1479464030413181,-0.014174289754852078,14.55097490311316,0.2686511063166335,-0.013975540901185931,5.846950258018057,0.0222714578905364,-0.001753525017903368,0.780648763765092
0.3500000000000002,0.3550000000000002,0.5769542840918355,0.13607369658471472,-0.0014199325294092485,13.394185640063462,0.2533666325215698,0.002209856266504992,5.494089371740751,0.018720904673987206,-0.018363647492064535,0.7835899525014861
0.3750000000000002,0.3800000000000002,0.5900913829921411,0.1249429827953146,0.00943963816899377,12.342174620317989,0.25988862014309877,0.009963619128082595,4.880807240889832,0.024035044673377838,-0.0022925389475424883,0.6462359406901594
0.40000000000000024,0.40500000000000025,0.5965803396603713,0.11462557807601802,0.002387835890681022,11.580959337222872,0.26020393020992705,0.00015763266167721085,4.449852462063339,0.02489481238701162,0.012429240628688398,0.5521658459034194
0.42500000000000027,0.43000000000000027,0.596778219909205,0.10508486732494603,-0.00631504621956731,10.870857803368231,0.2587333857482351,-0.007136700045188004,4.090709255668008,0.024458758773713916,0.004022295284430554,0.5055442972459819
0.4500000000000003,0.4550000000000003,0.5861788737800321,0.0961956719404138,-0.0029375374785314042,10.414212375327944,0.25337077807597347,-0.0014849710492457712,3.9097334989471757,0.023781997445138817,-0.007963317887283838,0.5030450701936741
0.4750000000000003,0.4800000000000003,0.5877525296343498,0.08797502755808931,0.00390945477612976,9.82629245406093,0.2560989976977469,0.004846753861805422,3.665250454658984,0.025118382170787202,-0.004376956064520715,0.4751777501381025
0.5000000000000003,0.5050000000000003,0.5720373904108257,0.08034551912074916,0.002650094958165985,9.375562358965375,0.25298038309185517,0.0020352838318109722,3.4737650341911985,0.025177291807574196,0.004728437062928683,0.4661759200282727
0.5250000000000004,0.5300000000000004,0.5761020174638948,0.07334519022433257,-0.002407113363435292,8.870455361270546,0.25049757011054746,-0.003162154799636837,3.203656151308723,0.025198218249190357,0.004000967012793406,0.4189241156684848
0.5500000000000004,0.5550000000000004,0.582263055129827,0.06701407112452586,-0.0024759882100174107,8.49299270753368,0.250419300790053,-0.002116995129702361,2.970129101586309,0.02552581812015682,-0.002514033540315572,0.37878904436520705
0.5750000000000004,0.5800000000000004,0.5794743515866049,0.06124336312904365,0.0010025088484409616,8.159231469412182,0.2488752973231699,0.0017727729493717728,2.809454970365247,0.025389809487698645,-0.0033221141544666024,0.3492664087380899
0.6000000000000004,0.6050000000000004,0.5837420540778775,0.05601565807692365,0.0017166241496089703,7.886156157371244,0.2481167777531713,0.0018172418820064028,2.681730237474942,0.025528756704662984,0.0010736344912159262,0.32767322355847506
0.6250000000000004,0.6300000000000004,0.579024850319181,0.05130268806028236,-0.0005270984190690018,7.651121836109767,0.24701153145208457,-0.0009335867869120266,2.559723351398815,0.02626249134403067,0.002545712588397138,0.30255125547788736
0.6500000000000005,0.6550000000000005,0.5812881961795086,0.04700461143319411,-0.0013924875880682694,7.45252255967078,0.24748990118984607,-0.0014882859103301652,2.4563731800316204,0.02574272489649972,-0.00021348081898763535,0.2866406948550014
0.6750000000000005,0.6800000000000005,0.5799562151193225,0.0431473750982709,-0.00012947360221747168,7.265663056083291,0.24866031702694497,0.00026343282853458547,2.3734602926486845,0.02560906374476025,-0.0018420372749537296,0.27557770218742134
0.7000000000000005,0.7050000000000005,0.5814297935569016,0.03965978848764153,0.0007770484232173528,7.108815321690664,0.24817914709916108,0.0010817440494713866,2.2993177931826563,0.025663368677797713,-0.0002457590876571191,0.25954839210850156
0.7250000000000005,0.7300000000000005,0.5806785559361242,0.03652867209111573,6.823939970191619e-05,6.959353184341958,0.24842097296443544,-5.24377682535283e-06,2.243544083167218,0.025878357571269463,0.0012298839795032693,0.25067790789749933
0.7500000000000006,0.7550000000000006,0.5780377003160369,0.03374936119708841,-0.0006524004764095102,6.8105088683797215,0.24877012235339543,-0.0007803491537470755,2.1786361715119074,0.02606108898676597,0.00043509539777815865,0.238105822861518
0.7750000000000006,0.7800000000000006,0.5805201402282381,0.03130062813292461,-0.00033837894436405914,6.712311642741979,0.24951483830472748,-0.0002065256628908178,2.1275402580627083,0.025789038367398424,-0.0007698306508487411,0.226242161901499
0.8000000000000006,0.8050000000000006,0.5825430863702135,0.02917237580145685,0.0002308623238914741,6.628073373137121,0.2500726572994975,0.000459897519298531,2.104359653595237,0.025943150747582102,-0.0004744698134765799,0.2172837004272561
0.8250000000000006,0.8300000000000006,0.5824054440078447,0.027339979639914816,0.000119875884933584,6.599059087641552,0.2497440783295165,0.0002035838376442358,2.094213961145777,0.025991818067214133,0.00042492506338246636,0.20567321631954535
0.8500000000000006,0.8550000000000006,0.5847137022130376,0.02582677885909982,-0.00027366313356643325,6.515616059405661,0.25217138008582657,-0.0003044123952192482,2.0644507628332653,0.025867672675072294,0.00041661096617698866,0.1955823009247493
0.8750000000000007,0.8800000000000007,0.5868306206154512,0.024583172140740062,-0.00028262753109501945,6.497085801810421,0.2518059743354099,-0.0002383495537188875,2.0576495667263885,0.02553417743680086,-0.00020737484105648292,0.18676027262580577
0.9000000000000007,0.9050000000000007,0.5865551478768866,0.023612600783512218,-2.2846046326961836e-05,6.450639787520758,0.2529621214007516,0.00012356801027199683,2.0693601512212942,0.025815264094932473,-0.0003384992905050843,0.184079489301839
0.9250000000000007,0.9300000000000007,0.5837696163037488,0.022907167941529537,3.543289416500899e-05,6.416376504884279,0.25437921877738084,0.00015701918419713817,2.081273726264337,0.02554054078678898,6.52323873466072e-05,0.18374914671582251
0.9500000000000007,0.9550000000000007,0.583617476672769,0.02245943162574844,-0.00012101798622378997,6.354945996678061,0.25533538423552776,-8.447617252873766e-05,2.086020688697307,0.025355249441436693,0.0002452298861062469,0.18385739501433784
0.9750000000000008,0.9800000000000008,0.5811025137521034,0.022256835315920882,-0.0001906415401947956,6.323811927474387,0.2561351047518264,-0.0001578628398251148,2.090712909994393,0.025507642141840713,6.075322795663459e-06,0.18691552230497815
1.0000000000000007,1.0050000000000006,0.5816134948155601,0.022279051132396,-9.576051854178471e-05,6.283561540430916,0.25779398010036647,-6.244836409008042e-06,2.0854272035166064,0.025706813662298628,-0.00017287371819988613,0.18600360896399512
1.0250000000000001,1.03,0.5784100288043349,0.02247647147356381,-2.4724293779046482e-05,6.266884687034723,0.2580245278048709,8.149217120455732e-05,2.0876827093241315,0.02556334070259645,-4.6219566374295234e-05,0.18551718828125177
1.0499999999999996,1.0549999999999995,0.5800586682907329,0.02281381655748964,-7.266562361534785e-05,6.233000846568076,0.2582727505267814,-5.2085589323378265e-06,2.084834457995586,0.025612180575989848,0.00010688080081275048,0.18092259563437718
1.074999999999999,1.079999999999999,0.5800056423213126,0.02325405122851458,-0.00012861830335016846,6.214865708378058,0.25931702955764163,-8.391514788240429e-05,2.0768917434381637,0.025729942342906063,5.3389793846169525e-05,0.17576053672111097
1.0999999999999985,1.1049999999999984,0.5782066712192908,0.023764888487409284,-0.00010563543325048537,6.218084644860008,0.25903797327871153,-4.103227982565924e-05,2.0840855192670333,0.02543291075621939,-6.564037518548171e-05,0.1696031019341865
1.124999999999998,1.129999999999998,0.5785860262542847,0.02433605964509865,-6.370157906062405e-05,6.201350551642546,0.2600694121184628,2.3404796118178873e-05,2.0771729778431474,0.02519020779305571,-5.4841953091790364e-05,0.16100210495116124
1.1499999999999975,1.1549999999999974,0.5771692345198055,0.02495649816486067,-6.51669415841389e-05,6.197367377092323,0.2606023001081341,9.418920709360405e-06,2.0882357643945237,0.025124884270741173,3.0415143309649842e-05,0.15695585890068953
1.174999999999997,1.1799999999999968,0.5746327842879846,0.0256326454113884,-9.380939433092658e-05,6.207754530911631,0.26053056153834847,-3.832584180230328e-05,2.098929504640916,0.024951316144641064,4.292285019967709e-05,0.15537293489618284
1.1999999999999964,1.2049999999999963,0.5770082255961819,0.026376765814347187,-9.517286784717759e-05,6.250292931084583,0.26246600248449986,-3.727906863268097e-05,2.133873932901849,0.025034504711082477,-1.4024451878247418e-05,0.15791791397487193
1.2249999999999959,1.2299999999999958,0.5780929684446463,0.027190828673702684,-7.381382330281216e-05,6.328229921669837,0.26477039926843465,-3.701805350930617e-06,2.1931997521288427,0.025057007588941024,-3.6048376858838106e-05,0.15831795154286432
1.2499999999999953,1.2549999999999952,0.575467392603181,0.02807968471540935,-6.900703163552865e-05,6.343494202599449,0.2652667710667293,3.3212303796158995e-06,2.228934251713629,0.025079781264283122,-8.219157333982097e-07,0.16320684682541445
1.2749999999999948,1.2799999999999947,0.5734704588387809,0.029038945925031843,-7.85277873391829e-05,6.364628745416048,0.26651532991897087,-1.692371410674992e-05,2.271702460122852,0.025023867810714074,2.3091007015013902e-05,0.16722845705489145
1.2999999999999943,1.3049999999999942,0.5736514510598069,0.030062772440584362,-8.263951404566569e-05,6.407560887081414,0.2675529653551195,-2.668458199850796e-05,2.3153130365278947,0.02501787095834366,3.6949985588231647e-06,0.17227221634585851
1.3249999999999937,1.3299999999999936,0.5715513028088037,0.031142752912128126,-7.51703010168889e-05,6.444912731443714,0.26834887765035714,-1.4404526598952608e-05,2.3553173127771854,0.024777334582479035,-1.7610717767674028e-05,0.17484115859393726
1.3499999999999932,1.354999999999993,0.5706314122571936,0.032269446339413005,-6.847549991357794e-05,6.459117035349267,0.27000932840663533,-3.1466510303610265e-06,2.382850670417898,0.024801154699816225,-9.05057953593204e-06,0.17693308763661136
1.3749999999999927,1.3799999999999926,0.5697945416760907,0.033405724983804425,-7.170851355230303e-05,6.477800465448723,0.27107897535488773,-9.054472433382569e-06,2.417083507361151,0.024735613166193746,8.13484171685642e-06,0.17867465517211262
1.3999999999999921,1.404999999999992,0.5694637283756214,0.034559449209688155,-7.327472009156643e-05,6.5280131765901235,0.2724166147903475,-1.726783613107174e-05,2.4468566231806954,0.02479539930294159,6.4586078027084325e-06,0.17681477809858062
1.4249999999999916,1.4299999999999915,0.56776687669955,0.03572075625325952,-7.142704096000987e-05,6.55430445499812,0.27316866656801053,-1.457047710082978e-05,2.483673773801147,0.02469982596873387,-6.167312452899677e-06,0.18095763366302484
1.449999999999991,1.454999999999991,0.5662307390498829,0.036886808736937844,-6.77848132351414e-05,6.590601510792692,0.2737959436131663,-8.363985464468223e-06,2.531129216941381,0.02454154701141162,-7.968751408431867e-06,0.1849714724292767
1.4749999999999905,1.4799999999999904,0.5652313352719551,0.03806100825913043,-6.615808324721896e-05,6.6150172616627545,0.27558949016825207,-7.156627942671108e-06,2.55701295894198,0.0245231604904527,7.084597795885861e-07,0.1833575962828754
1.49999999999999,1.50499999999999,0.5659033640731962,0.03923774804488194,-6.720217127619589e-05,6.65620366292061,0.2761423871967433,-1.162303416503386e-05,2.590003416027967,0.024505943046611727,3.8186312412237974e-06,0.18376983174444816
1.5249999999999895,1.5299999999999894,0.5641645662066797,0.040441666931407716,-6.628748282027863e-05,6.702007978985421,0.2773126036111425,-1.2545918883992722e-05,2.6353001640992546,0.02447695217863978,-1.253599468872897e-06,0.18689883512051478
1.549999999999989,1.5549999999999888,0.5628812171003215,0.04165208450889079,-6.424344888426337e-05,6.7374122042227365,0.2785354941544088,-9.390213042732576e-06,2.6806734734938558,0.0244763367605447,-4.8114234093705565e-06,0.19013817749058454
1.5749999999999884,1.5799999999999883,0.5611583730280324,0.04288340567868316,-6.288565315852497e-05,6.781023901913565,0.2796724567083319,-7.76065759245988e-06,2.7117449918478074,0.02428889924131728,-1.9911614135091708e-06,0.19548498116260732
1.5999999999999879,1.6049999999999878,0.5597222733818132,0.04412046851095766,-6.275324007154885e-05,6.821992389946231,0.28084094981818414,-9.143773136699374e-06,2.757277056226445,0.024308584505346505,1.1070370751857199e-06,0.19788799133699325
1.6249999999999873,1.6299999999999872,0.5588695661706572,0.04538444580704984,-6.084971343205565e-05,6.856609283550363,0.28162976184328664,-9.754005541221114e-06,2.8050518538427918,0.024440377883289233,8.136860882949493e-08,0.20184868142016724
1.6499999999999868,1.6549999999999867,0.5561994414601314,0.04664245701543745,-5.993974000385696e-05,6.904042244226998,0.28207919285497757,-8.426002111075236e-06,2.8548503885688503,0.02436528678468462,-2.499517983907192e-06,0.2057517027184883
1.6749999999999863,1.6799999999999862,0.5535818689535489,0.04791664117284206,-5.906813413057432e-05,6.935116855207017,0.28352800592764,-7.380542341950276e-06,2.8972532761451726,0.024301860348447422,-2.275411741548091e-06,0.21367112423703966
1.6999999999999857,1.7049999999999856,0.5535569762161918,0.049184499958346166,-5.847047885695572e-05,6.975976575984011,0.2844820187191824,-7.259017444756733e-06,2.9252330887092657,0.024265218710677546,-3.0218895535911476e-07,0.210309279763979
1.7249999999999852,1.729999999999985,0.5522077031839686,0.05044638851834791,-5.797103777194187e-05,7.018224263095379,0.28514060728247687,-8.131726542215524e-06,2.9766666512573168,0.024013775628902053,-8.637036381415026e-08,0.2157565859578629
1.7499999999999847,1.7549999999999846,0.5501993144900131,0.051711904061115824,-5.657934917438078e-05,7.046020479810239,0.28590457979206546,-7.637096558047844e-06,3.0099423794121676,0.024158508508385815,-1.2748035545717502e-06,0.2180199102520017
1.7749999999999841,1.779999999999984,0.5470877544353931,0.052976054936854235,-5.554340833659336e-05,7.089498109830086,0.2873187017848356,-6.748802663189634e-06,3.051560698429346,0.02415545436123359,-1.7096648069922207e-06,0.2218637575030166
1.7999999999999836,1.8049999999999835,0.5465443907157095,0.05424506586631941,-5.535838496578729e-05,7.138445809029362,0.2877849965098268,-6.6912647442115226e-06,3.109449177344191,0.02396392299409432,-1.0563454958662071e-06,0.22609549557528155
1.824999999999983,1.829999999999983,0.5443267285989264,0.0555170610810405,-5.3203674367281545e-05,7.169572139108422,0.2884437876557041,-6.48494809256769e-06,3.134903707963756,0.024131965780018118,-4.325167632442881e-07,0.22561869548812324
1.8499999999999825,1.8549999999999824,0.54184469004319,0.05678178246297877,-5.412309662680164e-05,7.211882036024757,0.2898724095203315,-7.045635921805734e-06,3.1991763997084335,0.024076114513272562,-7.798378767312691e-07,0.23808973879225068
1.874999999999982,1.879999999999982,0.5394891106196977,0.05805752246140304,-5.1686217531540245e-05,7.252103944041383,0.29015786220046574,-6.373096761553231e-06,3.246524224264712,0.023853947392620846,-1.254580458776466e-06,0.24195682149792394
1.8999999999999815,1.9049999999999814,0.5373490362020736,0.0593308938588791,-5.058273721631599e-05,7.300022196922876,0.2914929736249276,-5.667430478662804e-06,3.296696352717385,0.02408728972630481,-1.1341611369762835e-06,0.243009026539853
1.924999999999981,1.9299999999999808,0.5356425747908257,0.06060455265882211,-5.0910041050783905e-05,7.343117462517318,0.29180678185310355,-6.1267069876605444e-06,3.330223743797278,0.024054653374934867,-8.007297178123587e-07,0.24701785574010693
1.9499999999999804,1.9549999999999803,0.5349861488694718,0.06188521012877304,-5.092766759325971e-05,7.366203911015852,0.2929940918694641,-6.098696167426811e-06,3.3570018819800453,0.023825206972610244,-8.350750346318588e-07,0.2454800059367577
1.9749999999999799,1.9799999999999798,0.5330730124149621,0.063144016528307,-4.9644104527149e-05,7.412149820963039,0.29363024799888826,-5.594010826539559e-06,3.408170720170326,0.023748816182182386,-1.064526176808172e-06,0.2513383921617272
1.9999999999999793,2.0049999999999795,0.5313057540266428,0.06440494599938462,-4.8584048801273055e-05,7.4440232960114034,0.2944239049636159,-5.3470230212603595e-06,3.428682424534583,0.023976537602128072,-9.95511286018057e-07,0.25040222993235667
2.024999999999979,2.029999999999979,0.5280429559869488,0.0656565000173137,-4.820244590764026e-05,7.475109334711955,0.29487586529830817,-5.39508681431406e-06,3.487178502671672,0.023869841553118575,-9.113911817531613e-07,0.2615994320595011
2.0499999999999785,2.0549999999999784,0.5255390122460841,0.06689967194998424,-4.75156052330242e-05,7.524660227640501,0.29527177525308446,-5.367138120893943e-06,3.5309780057890188,0.0239708488952351,-8.129960288596312e-07,0.2628600277777861
2.074999999999978,2.079999999999978,0.5245477067074485,0.06811916666029876,-4.735775173975555e-05,7.551220493915469,0.29649735484282064,-5.393700985569977e-06,3.5511361720019545,0.02377370465518034,-8.678094796737783e-07,0.2626482978611192
2.0999999999999774,2.1049999999999773,0.519492431429484,0.06933898906116366,-4.4917034562168764e-05,7.583415889663679,0.2962882396267901,-4.4618339009125195e-06,3.6066532508092304,0.023652839708136867,-9.919785213358292e-07,0.2713919400334785
2.124999999999977,2.129999999999977,0.5180275367858641,0.07054852705356707,-4.5970499508428606e-05,7.610691142156963,0.29738112038138026,-5.317351216553547e-06,3.658669337371661,0.023960405538182353,-1.0026084727730084e-06,0.27825748230067593
2.1499999999999764,2.1549999999999763,0.5157160149203801,0.07176941293155616,-4.5042626066277556e-05,7.642578335414113,0.2972684023427791,-4.875395169136802e-06,3.6878187316683015,0.024003940315717818,-7.99448087954055e-07,0.279324611348136
2.174999999999976,2.1799999999999757,0.5130536802571585,0.07296323479552551,-4.468958027314941e-05,7.683868247953643,0.29753362757962315,-4.717167640397385e-06,3.730113472454193,0.02382047961729799,-8.82946716177082e-07,0.28401086588466495
2.1999999999999753,2.204999999999975,0.5086229875581527,0.07414189104941653,-4.408963936521747e-05,7.7163793748038145,0.2972672353414675,-4.804719839736051e-06,3.7778934485851656,0.023723019981948583,-1.014516317683636e-06,0.29206113229340014
2.2249999999999748,2.2299999999999747,0.5070497407572682,0.07531371199030307,-4.2680046289778635e-05,7.7412242225074195,0.297980810167637,-4.321908545170385e-06,3.8005927294108783,0.023806473800806933,-8.696546972710344e-07,0.2920925814804354
2.2499999999999742,2.254999999999974,0.5023142024774226,0.07646149435516165,-4.270541812531493e-05,7.773113162036706,0.298792081057113,-4.560430724353577e-06,3.842147342838724,0.023842631149393813,-8.329900136537773e-07,0.2955081163525647
2.2749999999999737,2.2799999999999736,0.5003796689858109,0.07760376115541252,-4.225369952697397e-05,7.788368673175086,0.2983136426163355,-4.349197586409664e-06,3.884112925165048,0.023862219551775185,-8.971368374595484e-07,0.30113108166940916
2.299999999999973,2.304999999999973,0.4959346492620528,0.07872998374281384,-4.085927950059531e-05,7.812845185253634,0.29837470426141377,-4.146734827218497e-06,3.9155240059684457,0.024129385240717713,-9.088696000226339e-07,0.30902988629675965
2.3249999999999726,2.3299999999999725,0.49406359201827954,0.07983482059704458,-4.167868359642914e-05,7.836498967424781,0.2994650198052604,-4.419491420813268e-06,3.9580039179640156,0.023973163965734092,-8.333268741246272e-07,0.3134901834052863
2.349999999999972,2.354999999999972,0.49026601080499593,0.0809195932607501,-3.9630789835590837e-05,7.87321933090733,0.29787259508927294,-3.5950189121695666e-06,3.9912969771938323,0.023755266729370478,-8.255983133461142e-07,0.31682120429321653
2.3749999999999716,2.3799999999999715,0.4859180753223813,0.08199154115475527,-3.9458526605162804e-05,7.863425555179493,0.2989908034747958,-3.8132272658363844e-06,4.019561202413785,0.024064687398992226,-8.490114918464226e-07,0.319382362211372
2.399999999999971,2.404999999999971,0.4834973096277063,0.08304055534339386,-4.005960892946338e-05,7.895677091923634,0.29862369991352494,-3.989733016395644e-06,4.051360377915569,0.024151980807193375,-9.476678564378405e-07,0.3227857792037161
2.4249999999999705,2.4299999999999704,0.4791901878874365,0.08407884053760854,-3.9022868224849864e-05,7.91053379566372,0.29828201699699763,-3.854092170195263e-06,4.0807189753920285,0.023978593154243614,-9.196377570653061e-07,0.33231332708524225
2.44999999999997,2.45499999999997,0.4756574849683885,0.08509052184425386,-3.8375403363533293e-05,7.946104806764696,0.29745850359867615,-3.7721108532608245e-06,4.115779507242061,0.02397266972159324,-7.306597807701634e-07,0.3293545142418144
2.4749999999999694,2.4799999999999693,0.4729086162865263,0.08608722201062756,-3.855710203223861e-05,7.933116911864637,0.29766490708640986,-3.887306003766758e-06,4.132999212359857,0.02413375042767862,-8.618553182174081e-07,0.34208957961171793
2.499999999999969,2.504999999999969,0.4699598345002011,0.0870549797932086,0.0003663169459517813,8.012356604115036,0.2974604005137471,0.00013090143202368126,4.190215543521067,0.02392868651314273,5.0707556782686316e-05,0.3426320363427714
2.5249999999999684,2.5299999999999683,0.45997193316474466,0.08802382360373699,0.0007398012325963346,7.950941974117432,0.29634689338663717,-0.00044662269399462477,4.20077082222755,0.024128753709315835,-9.621844529775127e-05,0.3535848398325752
2.549999999999968,2.5549999999999677,0.4546521069764674,0.08892613488242657,4.3340948652698966e-05,7.943065984664531,0.29375613308511406,-9.90778109085673e-05,4.215140408316197,0.02373431298672315,-0.00040333864922804366,0.3532663108712423
2.5749999999999673,2.579999999999967,0.4528691665994,0.08983648476052049,-0.001113386058493588,7.9623931985415455,0.2941386106527093,0.0005658601891997838,4.221284410317649,0.02406043004792202,3.3130942554496336e-06,0.35581740961900377
2.599999999999967,2.6049999999999667,0.44839127886447777,0.09072160600824784,-0.00016686152696565566,7.959336225920229,0.29342488378019455,0.00010710047442565835,4.268639069989898,0.02431827305838954,0.0006663654612556576,0.3679499951876409
2.6249999999999662,2.629999999999966,0.44496063676023784,0.09159885034662277,0.001302600470149877,7.979160544956394,0.29284069542548247,-0.0006589153576387685,4.282676472922237,0.02426681030107079,0.00011834231892328673,0.37007060720641116
2.6499999999999657,2.6549999999999656,0.43754520110446354,0.09246263480633538,8.142446206546281e-05,7.98425049578647,0.29144470114781695,-0.00014392569409306662,4.315708096425807,0.024158002668078087,-0.0008692988915245904,0.38168351075274176
2.674999999999965,2.679999999999965,0.43525006487965257,0.09331306738355927,-0.0017278843708882193,7.965718077782121,0.29143602101251376,0.0006440274520366019,4.331957008943482,0.024183462166594383,-0.0002577421495461369,0.3846373349966022
2.6999999999999647,2.7049999999999645,0.4307964137092873,0.09412985459822142,-0.00022059314203823905,7.9748289929198535,0.29003552572324964,0.00020150210483387717,4.351997852831777,0.02409573818691998,0.0010456299822693377,0.3925216170368651
2.724999999999964,2.729999999999964,0.424891394477796,0.0949142265197357,0.0020560062482172666,7.967606475984267,0.2882700126280905,-0.0007121459940221787,4.374669034095726,0.0241154874331499,0.00041048757773980724,0.3957854873444045
2.7499999999999636,2.7549999999999635,0.4213165408649501,0.09567194128233866,0.0001289885801568859,7.944608202598448,0.2868153446977859,-0.0002582543929234772,4.379362583867419,0.024287829266411067,-0.001183692222076655,0.40727843728201574
2.774999999999963,2.779999999999963,0.41583199817229827,0.09637270501071069,-0.0024859573322089327,7.950834651731624,0.28532418927061626,0.0006923333255655921,4.393619665453555,0.02451719606097985,-0.000563347143126264,0.41088510868849604
2.7999999999999625,2.8049999999999624,0.4093047409944076,0.0970617676312546,-0.00021135699749054887,7.922587004706942,0.28435697055585213,0.0002908642091532546,4.396363482029281,0.024371832932348875,0.0012858068141212164,0.41734258928096507
2.824999999999962,2.829999999999962,0.4046503720490211,0.09769938744139933,0.002846885959972593,7.910617900168085,0.2822398088245478,-0.0006630099756338942,4.418717403094,0.024163659446704313,0.000696122605070027,0.42028499539103026
2.8499999999999615,2.8549999999999613,0.4005711441031981,0.09831351850672776,3.400049533644249e-05,7.879993741432331,0.2814876163285115,-0.00033658231516963305,4.408454750106031,0.024277881921064594,-0.0013700771670516428,0.4267561049243532
2.874999999999961,2.879999999999961,0.3962407235723445,0.09889077399142539,-0.0033056819803805844,7.879909876226606,0.27948903169907896,0.0006132863561257168,4.4283226610029685,0.024237496489002665,-0.0008239014848399643,0.4334986266702412
2.8999999999999604,2.9049999999999603,0.3913969419023626,0.09945445264320821,-0.0001449786278131966,7.8382761052290775,0.2779319376258912,0.00035286900317982664,4.418383219547688,0.024642505930778907,0.0014370462922510831,0.4396139526413211
2.92499999999996,2.9299999999999597,0.3875380837309302,0.09997574829658434,0.0036010406002917883,7.836666981818823,0.2762986664038363,-0.0005707249712017149,4.4274658712236175,0.02453057315279184,0.0009416312296984203,0.4400445445583034
2.9499999999999593,2.954999999999959,0.38027904279405067,0.10045607915720209,-1.4822889198703467e-05,7.788945284286921,0.273744794151276,-0.00039193562935515793,4.432578249363639,0.024480052510583928,-0.001495171555836009,0.4491171907018144
2.974999999999959,2.9799999999999587,0.37792299760109266,0.10091219943011236,-0.004113871329354079,7.769823309171636,0.2730169391713905,0.00048247660759755454,4.426405299237411,0.02455951677371034,-0.001052413103018923,0.4499442516460505
2.9999999999999583,3.004999999999958,0.3693916525240294,0.10132431835910187,4.508844446042437e-05,7.743870904708211,0.2697967819134536,0.00043630554892979854,4.424286871907875,0.024419287989088406,0.0015416935768800388,0.46331244746719735
3.0249999999999577,3.0299999999999576,0.3657481234377783,0.1016942978126871,0.004512953863157488,7.697324021868524,0.2686536384187696,-0.00041205963904483966,4.418829753334771,0.024470428418268023,0.0011613530260297029,0.4680521130513404
3.049999999999957,3.054999999999957,0.36068795520244273,0.10203037020811898,-0.0001719192966103308,7.662591367481889,0.26589026220068585,-0.00047669571212433017,4.409551353704815,0.024439197753216468,-0.0015776685644057387,0.47314547097851034
3.0749999999999567,3.0799999999999566,0.3556830157864335,0.10233144757521072,-0.00494275181945276,7.632581515156461,0.2642422479276241,0.00031317455959762507,4.412535222614997,0.024643097911173372,-0.0012709476515089411,0.47969752177997094
3.099999999999956,3.104999999999956,0.351322879692733,0.10260705798543938,0.00020793364747710854,7.579328969615248,0.2615265613259957,0.0005027246398930531,4.391339731136267,0.024497289202917192,0.0015967185516203716,0.47991576094953176
3.1249999999999556,3.1299999999999555,0.3402260293784729,0.10284300986055564,0.005245828409105206,7.5476965958481195,0.25935730109439803,-0.0002227358786750926,4.41423199697284,0.024497205434378402,0.0013681512750800128,0.5073829273066999
3.149999999999955,3.154999999999955,0.3386934890367568,0.10315815225920494,-0.00036260065715156285,7.461271070733171,0.2575479500573467,-0.0005457978918725865,4.388733590200967,0.02448912716454878,-0.00156580251164728,0.5138699323651044
3.1749999999999545,3.1799999999999544,0.3330622768900295,0.10339223115035136,-0.005671109852559432,7.445029749981726,0.25507548474799696,0.00010847364818197633,4.369038143001941,0.024362958212438918,-0.001424773657941652,0.5129927748473291
3.199999999999954,3.204999999999954,0.32846520548707936,0.10355325488645921,0.0003372842913765874,7.395500070481727,0.2532334499185676,0.0005333211047880086,4.341796397768966,0.024337272471994208,0.0014959806829345863,0.5171285147436048
3.2249999999999535,3.2299999999999534,0.3224165807570019,0.10365752103558687,0.006002894612797134,7.331158078320782,0.24998792336856418,1.537311202909326e-05,4.3179766787613625,0.024342979845091168,0.0014557998268422089,0.5246018665120369
3.249999999999953,3.254999999999953,0.31811696316349125,0.1037298890464274,-0.0005085295479821565,7.275455265062535,0.2478432029367528,-0.000564335576830752,4.304160360577954,0.024340909826841478,-0.0014540706483068902,0.5315672869297406
3.2749999999999524,3.2799999999999523,0.3119702298910637,0.10378999177927778,-0.006247239893591865,7.209641257155046,0.24609315030735304,-9.29128756131378e-05,4.293608023555057,0.02430507678262525,-0.0014909592381011799,0.5424455415031854
3.299999999999952,3.3049999999999518,0.3074947110072025,0.10383135810938382,0.0005228676442180012,7.160226347585268,0.24273760091605123,0.0005797233986931808,4.271305449233412,0.024130882798151402,0.0014159100496916278,0.5524479272050267
3.3249999999999513,3.329999999999951,0.3032285075292195,0.10386117912256271,0.006387223274781071,7.110630274243648,0.24086699252861948,0.00015518754985898776,4.257448358088891,0.02412909067432894,0.001521531255143178,0.5615151499031694
3.349999999999951,3.3549999999999507,0.2976678975105822,0.10386248603903848,-0.0007644685459593049,7.030977055684763,0.23775084204474492,-0.0006213946278196902,4.227730781236693,0.024091019415121245,-0.0013884788499323065,0.5679221676860398
3.3749999999999503,3.37999999999995,0.2926480450123082,0.10382506281239257,-0.006584330539497446,6.978156032959652,0.23534924039758648,-0.0002538819714285662,4.2060991195052315,0.024008074455170537,-0.0015456419027468323,0.5782610841984493
3.3999999999999497,3.4049999999999496,0.2912582733448231,0.10374657283739042,-0.010472540720941463,6.94239171358753,0.23246474131472422,-0.001996709074620151,4.191823005536493,0.023630355852099938,0.00096431399140476,0.5817315370881713
3.424999999999949,3.429999999999949,0.2897868860778113,0.10367508861829221,0.0015662958991523464,6.879926197355388,0.231974910099921,0.00040642947712978504,4.152544392893751,0.023972857720701738,0.0022736158513341153,0.5826951915572371
3.4499999999999487,3.4549999999999486,0.28138478187339205,0.10351030444662586,-0.00036443503274153017,6.778102934441502,0.22708417498505148,-0.0032102605450638148,4.126369265619316,0.02392747912155764,-0.00014731146107067362,0.5953686164875549
3.474999999999948,3.479999999999948,0.277617213637271,0.10330980657109498,0.002806995616887243,6.7336818113748125,0.22598732838991856,0.001658050264170699,4.108807148033509,0.024202128557655276,-0.001380809634371364,0.6004343933153384
3.4999999999999476,3.5049999999999475,0.270915242267043,0.10305887866997647,-0.003420885195336964,6.658214620159444,0.22202865472939073,-0.0016018380046090648,4.076753386411268,0.02395447179980727,-0.0007317394842380933,0.6117391352317398
3.524999999999947,3.529999999999947,0.27097377604327766,0.1027870879209285,0.0024474005709733937,6.644565820351464,0.2215056635219079,0.00156900766543878,4.058518877688034,0.023997245283755457,0.0010133699410798372,0.6129583542519119
3.5499999999999465,3.5549999999999464,0.26395330874653505,0.10244898406991579,-0.0027931296771917455,6.567289915849029,0.21862230948263986,-0.0018596495976710553,4.038038913898451,0.02376469724947553,0.0002856125485804832,0.6212587921279744
3.574999999999946,3.579999999999946,0.2635741368747373,0.10209836524194409,0.0028712109168476103,6.541323190780878,0.2167808470020226,0.0016267841007829237,4.024951523833792,0.02376690455641195,-0.0002041533643415815,0.6291362699655534
3.5999999999999455,3.6049999999999454,0.26248724424102077,0.10169347011541155,0.003070496494504337,6.455214115068895,0.2155877149026053,0.0016132784604425117,3.9645954334194173,0.02351082579717983,-0.00027701187928993857,0.6256220814248976
3.624999999999945,3.629999999999945,0.2532921538612136,0.10126785822917883,0.0013900113247213288,6.343708323091571,0.21131897101084515,-0.0004208161034618401,3.926941738918394,0.02349614711876097,5.120648859329136e-05,0.6351973432832709
3.6499999999999444,3.6549999999999443,0.2523550918392757,0.10079914564145358,-0.006878472900922327,6.325210193986585,0.2100855390070355,-0.0021572514726553205,3.920875951518009,0.02317379786524464,-8.482269333776019e-05,0.644312811514498
3.674999999999944,3.6799999999999438,0.2510674428535004,0.100320477528649,-0.004172886936279833,6.1565176568801085,0.20759353473418468,-0.00040385282321782443,3.815399175501126,0.02304295979545154,0.0004267392459444428,0.6340383243562061
3.6999999999999433,3.7049999999999432,0.24075995153299345,0.09977741563952539,-0.001054652172267338,6.069822991695969,0.20339672301143338,0.0006516603130421454,3.7979520062848335,0.022882145249823314,0.00032179277527266307,0.6485505584593758
3.724999999999943,3.7299999999999427,0.2424101071142477,0.0992134801571569,-0.0006160449684061556,6.254751915109794,0.2035198538731117,0.0005267483301217437,3.8747474981029617,0.02283906902402484,8.155553364441894e-05,0.6551386315533834
3.7499999999999423,3.754999999999942,0.23943252828606734,0.09861752359630452,-0.0021852601390035175,6.019109707006749,0.20045840288402988,-0.0019151711735522947,3.778680330364207,0.023217072429520445,-0.00028339604469815186,0.6655694622360788
3.7749999999999417,3.7799999999999416,0.22977808077838546,0.09796736137352467,-0.0003963759964444996,6.081324707896719,0.19761425007824926,0.0008188883442180775,3.8041711311142814,0.023260934974751353,0.00013247387354093032,0.6730406270081148
3.799999999999941,3.804999999999941,0.23259116926279327,0.09724458029537582,-0.0006393828067632178,5.855640379236637,0.19797737140801902,8.046193415021917e-05,3.6802257619454264,0.023632012494932714,0.00028117627345739904,0.6624279610151363
3.8249999999999407,3.8299999999999406,0.22369019426286788,0.09653399600116984,0.00132576048154058,5.945524614952567,0.1941486771083799,0.00024230029890564062,3.7318929454420724,0.023164179786166854,0.00021680445122526225,0.6777972043276942
3.84999999999994,3.85499999999994,0.22649899878389282,0.09575573173942414,0.0012956039752548233,5.797149431565445,0.19085660256468137,-0.00022415758780647705,3.6480139596045604,0.022797181839110007,-0.0006626008615798077,0.6724922709320614
3.8749999999999396,3.8799999999999395,0.2199224059375108,0.09497193222544076,0.0018086744059167615,5.835682538331516,0.18939384382358168,0.0004460027433420282,3.665932531021015,0.02277650678652362,0.00015763826951149045,0.6771539037982709
3.899999999999939,3.904999999999939,0.2203197774765013,0.0941493070070017,0.0003166912936783364,5.777149824793928,0.18673635864737315,-0.000509611906420078,3.6349451288885843,0.022410562404966222,0.0003472718285221281,0.6822413635848948
3.9249999999999385,3.9299999999999384,0.2244226041100916,0.09331476970974839,0.00033987939189161136,5.654710933832979,0.18780395118503831,0.0008873434634236483,3.55172676139658,0.022591812003599127,3.537462701113264e-06,0.6748336055911018
3.949999999999938,3.954999999999938,0.208594723879774,0.09246636481039702,0.0011738255206936838,5.557667529866454,0.1803369722771509,0.00019932118557089922,3.5020022935770814,0.021748940197597127,-0.0003344677374885105,0.6760315293522904
3.9749999999999375,3.9799999999999374,0.2275340215295767,0.09131668300992783,-0.0008410184625037843,5.6273267663549325,0.18671445871226405,-0.00014061368700051026,3.460417478089807,0.02226635572375432,0.00019138251475064744,0.6299393667248826
3.999999999999937,4.004999999999937,0.21737314171384153,0.09024091543901683,-0.0013625479490814627,5.501316800268068,0.1807181826482737,-3.807654985063747e-05,3.43878687871597,0.02176742603123925,0.00035538257045235447,0.650611647618773
4.024999999999936,4.029999999999936,0.20439665273164156,0.08919556022581474,-0.0006802985099745131,5.672964090844748,0.1808837007418523,-0.00042688231363914895,3.572343663146821,0.022371102019469517,-0.000485772128028908,0.7018817913662764
4.049999999999936,4.054999999999936,0.20356765531051357,0.0882329360465561,0.0007860572047729906,5.625028731081516,0.1776287966838667,5.4365226923572745e-05,3.547121995665698,0.021799889097166222,-4.5600593484257436e-05,0.7092605512226824
4.074999999999935,4.079999999999935,0.21057366435709438,0.08721742765176121,0.000963188690874486,5.728263280435819,0.18179567274644917,-9.529066282301713e-05,3.584054439817802,0.022500307403654055,0.00033234498959550536,0.713631107592315
4.099999999999935,4.104999999999935,0.19876760377053507,0.08619563172527499,0.00059984807598318,5.671453271104679,0.17669624536521572,0.0001511100765217367,3.5462296691190183,0.022286748395006193,-0.00023686240364814755,0.7069145944694104
4.124999999999934,4.129999999999934,0.21156607144791775,0.08518405237460874,0.000138879598493931,5.563132254064378,0.17654998070598762,0.00014104284994171675,3.4365134676383726,0.021530821703057767,-5.060771017316701e-05,0.6656463791962929
4.149999999999934,4.154999999999934,0.22950409974647054,0.08412072944113058,0.0009309679923881134,5.618950563474064,0.18304499421582465,0.000371195422216938,3.3858894564346653,0.022047045191977758,0.00029664992114612537,0.6242512847304298
4.174999999999933,4.179999999999933,0.1998860736982102,0.0829647126518172,0.0014143183061102558,5.556465896428458,0.17345592681107871,4.4257243285562696e-05,3.46595633464403,0.021673678845546055,-0.00026275082793282344,0.6989294951532433
4.199999999999933,4.204999999999933,0.2079542320093692,0.0819897523234325,6.960724147625201e-05,5.524362828761218,0.17372266986663396,-2.399193196785118e-05,3.3956551408125217,0.021483792270298396,-0.00010430435595874707,0.6701860477637263
4.224999999999932,4.229999999999932,0.2004442458400964,0.08103415668867368,-8.131195372767478e-08,5.71641884125616,0.17212293192862413,-0.00019385468538221832,3.5313969013835793,0.021383250677389436,0.0001952240483629767,0.7170821722637282
4.249999999999932,4.2549999999999315,0.2134575403285144,0.08004575036830526,0.0011774539048628116,5.730460265898164,0.17946692539574918,-0.00021564844990733153,3.525628720157536,0.022521311361589184,-0.0002391436280528635,0.7115909518092882
4.274999999999931,4.279999999999931,0.19348788942045367,0.07906968485095353,0.00017915257564791038,5.466844321374105,0.16557029450122998,-0.00027775879666937144,3.384934204550883,0.020843498415681914,-0.0003692600695727499,0.7017475376224187
4.2999999999999305,4.30499999999993,0.20617136731927632,0.07805763317908745,5.9068091637857205e-05,5.711082483133619,0.17381803589313016,6.866219251788441e-06,3.502155503541924,0.02185853075723337,0.00021858058935359683,0.7109458388977065
4.32499999999993,4.32999999999993,0.19574232119897245,0.07698306096535541,8.762224248181922e-05,5.498511960544309,0.16459531032177024,-8.110858709083596e-05,3.369589873134568,0.020721135584571816,0.00012606547156696613,0.6957714062343158
4.3499999999999295,4.354999999999929,0.21963709047824018,0.07586157905479296,0.000784922110527099,5.528724384794613,0.17430769152017084,0.0003754418486477766,3.311107661437288,0.02185628631105549,-0.00016956712911237048,0.6551007588296027
4.374999999999929,4.379999999999929,0.20233373106882152,0.07467174432599243,0.000908709657990112,5.479189687156987,0.1673250277223581,2.02843799419565e-05,3.294881564866191,0.021033243441349513,-0.00023355143721365187,0.6612576203078703
4.399999999999928,4.404999999999928,0.21098901703524575,0.07340236758946111,8.013616355167387e-05,5.660250134608488,0.17116046646992683,-4.8474061829230175e-05,3.3983989194270885,0.02120523242572453,0.00026103491485693266,0.6737966767074276
4.424999999999928,4.429999999999928,0.2123697744904932,0.072284337167337,8.267574112845412e-05,5.45929983268928,0.1670740025669008,-6.496949589381671e-05,3.2438908749651607,0.020395476551908567,-1.402412254184919e-06,0.6249805151466553
4.449999999999927,4.454999999999927,0.21444774646331685,0.07117966034154102,8.765559097905482e-05,5.554903365549711,0.17031572776899898,6.231425596472125e-05,3.3499993141452373,0.02097948316706653,-0.00024908148000887245,0.6735337116066371
4.474999999999927,4.479999999999927,0.20533682757229776,0.07009385533395142,2.5636213298618937e-05,5.483299156767094,0.16495778624579688,4.248859992273563e-05,3.299915881682371,0.02047486274142933,5.7169366538414544e-05,0.655197269479057
4.499999999999926,4.504999999999926,0.2132841509264794,0.06892831948900778,2.4403015404398575e-05,5.508210807121192,0.16760374252616,-5.520860288147855e-05,3.3019369413032735,0.020638486517273087,0.00014323943524412568,0.6500832850297661
4.524999999999926,4.529999999999926,0.20782199215837718,0.0677864450268623,6.232875160242655e-05,5.482055136545375,0.1641526724286396,-2.8734525410743704e-05,3.264456955933641,0.020249766992617536,-0.00012155802486832024,0.6389702336745482
4.549999999999925,4.554999999999925,0.21513645063591633,0.06651829029862544,5.332623139908913e-05,5.528740870087498,0.16649328904308805,6.138753361455124e-05,3.2753152880407597,0.020338510830534975,-0.000137054894357563,0.6382106891307593
4.574999999999925,4.579999999999925,0.2123403616353884,0.06528985807197982,1.781658234157406e-05,5.519473840906767,0.16469864415765223,-6.623323887108494e-07,3.2597636736851734,0.02014294338289446,0.00011308901611386541,0.6296867100850834
4.599999999999924,4.604999999999924,0.21863857112487,0.06405921884834881,4.28426825802195e-05,5.4776467785027,0.16576344075833385,-3.900419093820841e-05,3.215340813942204,0.019988538911478376,1.2957346718355108e-05,0.6120018303953901
4.624999999999924,4.6299999999999235,0.2166366148228809,0.06282453513940676,4.892035312227606e-05,5.538823402351141,0.16546060839302434,1.651435491623396e-05,3.2518008541174437,0.020055906547178422,-0.0001066741780461461,0.6190057145894018
4.649999999999923,4.654999999999923,0.21591320021315175,0.0616626819561858,3.1750970764617014e-05,5.477782167392052,0.1638255384465114,3.0664775971163704e-05,3.2328443215939795,0.0197685312526351,1.0603851192244559e-05,0.6218728074660735
4.6749999999999226,4.6799999999999224,0.21957801763874202,0.060540492903567056,2.3927512819272215e-05,5.4955846989313795,0.16515592142380023,-1.9959671326395112e-05,3.2199552454629368,0.01995019553505329,9.331576001450264e-05,0.606437728876914
4.699999999999922,4.704999999999922,0.2180910826122413,0.05934115149080263,4.102369706952633e-05,5.43204110318625,0.16279917359096258,-2.0859091428225767e-05,3.191180613883236,0.01950477374275921,-2.0993088272936422e-05,0.599708313268081
4.7249999999999215,4.729999999999921,0.22277247649785073,0.058112845150927114,4.0192694648283716e-05,5.45964982394519,0.16462601296021345,1.57018614774379e-05,3.1834135252019733,0.01963269264442517,-7.29118169691255e-05,0.5836565860402674
4.749999999999921,4.754999999999921,0.22175799536015756,0.0568541147226933,3.513652084766817e-05,5.431418833207374,0.16253461087555113,1.9413257909502344e-05,3.1607363231670096,0.019280998242889525,2.2158704516301886e-06,0.5800434548230398
4.77499999999992,4.77999999999992,0.22328845101116507,0.05562154441208404,2.7175353108315763e-05,5.443105929267683,0.16298217813166024,-5.883004184945073e-06,3.16397810476868,0.019401193020513796,4.478504139330938e-05,0.5795005638159647
4.79999999999992,4.80499999999992,0.22512990511798822,0.054429283097210554,2.9630481891690864e-05,5.439868268916441,0.16278856340260708,-1.091131074561176e-05,3.1441062873815753,0.019252479373522927,5.9843752030578e-06,0.5714541602553476
4.824999999999919,4.829999999999919,0.22747587488853455,0.05324064804359147,3.2998821022696665e-05,5.440198586826588,0.16291766740518368,3.145241020998633e-06,3.1348667467091533,0.019204354211963724,-2.8079397326982513e-05,0.5702453238192943
4.849999999999919,4.854999999999919,0.22979356074552587,0.05207008297686309,3.097431049552704e-05,5.4425233742724055,0.1633619465585037,9.11639010279866e-06,3.1238304186493013,0.019197683165922137,-1.0361959464167402e-05,0.5665287896290935
4.874999999999918,4.879999999999918,0.2317333188939016,0.05089821885348051,2.6963733601636712e-05,5.437674976604873,0.1633653529715863,1.1415007230624473e-06,3.114753961246233,0.01908463543989414,1.4289144432380298e-05,0.5605446340585851
4.899999999999918,4.904999999999918,0.23369479060799425,0.04974854742390366,2.6130240612485423e-05,5.417786739431577,0.16334011459408623,-4.2788936775162035e-06,3.094533825393572,0.0190251763535886,7.969971339215347e-06,0.5553296748292681
4.924999999999917,4.929999999999917,0.2356663829405366,0.04861099565069944,2.7808557229078786e-05,5.408366036598146,0.16324920279625624,-1.5879749484954173e-07,3.082201469794619,0.019017530702457354,-8.620580616932756e-06,0.5493521246973406
4.949999999999917,4.954999999999917,0.23776947049753205,0.04748425968631771,2.7925158967807777e-05,5.396386181545867,0.16349784037742282,4.101358241467731e-06,3.0724519186338712,0.019040538954805657,-7.831920309739872e-06,0.5430642954695281
4.974999999999916,4.979999999999916,0.23945974059679198,0.0463625101804845,2.6382305538017076e-05,5.392411356712072,0.16339425610097402,2.5951837473272518e-06,3.058754096988571,0.018939922345535997,2.7455132045545773e-06,0.5403646795323697
4.999999999999916,5.0049999999999155,0.24149329153961105,0.04524421029525011,2.5361443212944088e-05,5.380586769028621,0.16352364892765664,-3.1890679361898987e-07,3.048625047883203,0.01885613521610562,4.313031089902601e-06,0.5361917383978664
5.024999999999915,5.029999999999915,0.24365510466281606,0.04411615120543104,2.4989969228794985e-05,5.3799915526312105,0.16360434290244347,-4.5618555396783505e-08,3.0376586945591098,0.01885309216112952,-1.9889494439578545e-06,0.5294137437692366
5.049999999999915,5.0549999999999145,0.24679918315562477,0.04299114936376448,2.480826095901512e-05,5.376568541114795,0.16424088988869337,1.8546582042359141e-06,3.018893367331485,0.018854753985236866,-4.1660705954497855e-06,0.5230695825900151
5.074999999999914,5.079999999999914,0.2500801329682198,0.041869607228793536,2.3703412604830903e-05,5.36678950725027,0.16461527373550344,1.8590131683743863e-06,3.0027483641220893,0.018881667804865436,-6.246359854512476e-07,0.5157976639443778
5.0999999999999135,5.104999999999913,0.25254127032409973,0.04075384119412401,2.2698423265023344e-05,5.367930300695886,0.16505219859647682,5.976536123989405e-07,2.9868202688966847,0.0188599776537917,1.4345119283094737e-06,0.5113773761189241
5.124999999999913,5.129999999999913,0.2544415322039496,0.039651329135537934,2.231205985213563e-05,5.367735108214751,0.16542348318125097,2.740510602943834e-07,2.9837114946083276,0.018825132695973655,-3.859812268903803e-07,0.5094098179618289
5.149999999999912,5.154999999999912,0.2571503335021878,0.038569319428104654,2.201764983645727e-05,5.34884259376324,0.16558979868252047,1.0121890896906022e-06,2.961301791845909,0.018777993715462002,-2.0151233094618804e-06,0.5018388210936418
5.174999999999912,5.179999999999912,0.25983938070540097,0.03749575875058668,2.1660080239342195e-05,5.346303881968977,0.16608025136366944,1.3656719283582025e-06,2.9459389311708337,0.018811208786954123,-1.167141538510118e-06,0.49608503092518647
5.199999999999911,5.204999999999911,0.26204991562807556,0.03642842180043708,2.1041471736554988e-05,5.336799257853749,0.16633103627760099,1.0143071510113701e-06,2.932456143359153,0.01881525460123704,7.302398247003313e-08,0.49125261243322715
5.224999999999911,5.229999999999911,0.26588977807173075,0.03537186211914802,2.0521827978646632e-05,5.327200127840673,0.1668839445014597,6.929600615809142e-07,2.909865385403769,0.018825647977697372,-2.2934005098666502e-07,0.4827621952753917
5.24999999999991,5.25499999999991,0.2685021711747726,0.034323103722985214,2.042505785997822e-05,5.315908343065412,0.16718565137050537,9.730210874245045e-07,2.895326333906188,0.01878893324072759,-1.0320367228013754e-06,0.47846388347169566
5.27499999999991,5.27999999999991,0.27069035266116487,0.033280353142048816,1.994886696906027e-05,5.312839166773292,0.16762838542124323,1.1510356660631472e-06,2.880995681308473,0.018805887377473397,-9.878143763815656e-07,0.47525015811282717
5.299999999999909,5.304999999999909,0.2750150779484086,0.03224451805238422,1.9390229439283025e-05,5.298323252554167,0.16839575707694346,1.0452709990554166e-06,2.859230578147856,0.01877828246180242,-4.366077931613342e-07,0.46691843901100627
5.324999999999909,5.329999999999909,0.2772687992153475,0.0312158439740002,1.9125531897130487e-05,5.298076715082398,0.16909822414552103,9.424613847630694e-07,2.849730590397975,0.018795541686253393,-3.4622351642211726e-07,0.46263784801718266
5.349999999999908,5.354999999999908,0.2808759721445054,0.030207000237859334,1.851574244001957e-05,5.29378707462855,0.1696461739445927,8.978349876034475e-07,2.834018739603632,0.018856248809057886,-6.470964569786783e-07,0.4580935054311126
5.374999999999908,5.3799999999999075,0.28380327577945946,0.029204570678701025,1.8400391977744683e-05,5.282242418415279,0.17019531298927146,1.0716151578368358e-06,2.8191285499568597,0.018894078081814248,-7.408213918268841e-07,0.4524585254937908
5.399999999999907,5.404999999999907,0.28674916465991773,0.028213650946412604,1.7926200324101234e-05,5.274814053171978,0.17088602151291474,1.023216123951466e-06,2.801275260336786,0.01884548090527661,-5.650889634375497e-07,0.44765518498749285
5.424999999999907,5.4299999999999065,0.29029132893622867,0.027233013183196732,1.766074457258748e-05,5.267405248531117,0.1715863697896338,1.0525311092958573e-06,2.788048423760221,0.018889049069005483,-4.4686716058533365e-07,0.441667907245884
5.449999999999906,5.454999999999906,0.2935941167177632,0.02626936273455586,1.724302808363014e-05,5.263865320606218,0.17252381390156055,9.89804214214559e-07,2.765873308684566,0.018956623638795033,-5.233165512503728e-07,0.43567012319655996
5.4749999999999055,5.479999999999905,0.29650049344232154,0.025320074578459667,1.6863433721106797e-05,5.264563189569619,0.17310029895062248,9.907995058924486e-07,2.761565237261021,0.01897971480614047,-5.81699168074568e-07,0.43087770480055976
5.499999999999905,5.504999999999905,0.3003265660229627,0.024389364786799424,1.6694915558421523e-05,5.245172128156043,0.17382872967436458,1.0482548156772633e-06,2.743270329958759,0.01908264479796718,-5.15644178993127e-07,0.425651107147388
5.524999999999904,5.529999999999904,0.3019351329756218,0.023478227367387153,1.682802593831123e-05,5.216273307978769,0.1735927540001086,1.1437152133118786e-06,2.7119531888410378,0.019077880058233482,-4.517016929524954e-07,0.4178640620325358
5.549999999999904,5.554999999999904,0.3061645747427203,0.022551228658873622,1.6076070090506776e-05,5.222276733089034,0.1749374921530805,1.0040966682273439e-06,2.69892023566528,0.019145447023381338,-4.717022493927909e-07,0.4142686660840522
5.574999999999903,5.579999999999903,0.31094898422822836,0.021628311620820424,1.5830402771454073e-05,5.211082887328524,0.17597340528854954,1.0680593069363612e-06,2.67450636200969,0.019144541593540825,-5.023880010236655e-07,0.4052921301451
5.599999999999903,5.604999999999903,0.31380517866619245,0.020717432368390798,1.57244116957885e-05,5.209320618149743,0.17628638487846682,1.1119231796734708e-06,2.6609735356652204,0.01921294658356699,-4.7091917316993403e-07,0.400304333633939
5.624999999999902,5.629999999999902,0.3173265579902868,0.019824398322762945,1.5296053934603532e-05,5.196246314057698,0.17715160741514838,1.044126173159255e-06,2.6368561124907752,0.0192451125540079,-4.282160387434955e-07,0.39409313220767367
5.649999999999902,5.654999999999902,0.32047403655131607,0.018949638914178408,1.5004267878329879e-05,5.1847383137217085,0.17800018062115977,1.050194092373878e-06,2.618292234242726,0.01933199436856296,-4.199408291035635e-07,0.389284188950477
5.674999999999901,5.679999999999901,0.3235462222283374,0.018099143249511906,1.5032836950275506e-05,5.1654025117070415,0.1785193977928338,1.1352131701518983e-06,2.5969968088245814,0.01927852628570583,-4.25204024483066e-07,0.382185531694236
5.699999999999901,5.704999999999901,0.32778787560406397,0.01725975783760552,1.4642632954031816e-05,5.155280418755713,0.17924893675846312,1.105082888488719e-06,2.5732396101298614,0.019370993176991674,-4.0993313544191107e-07,0.3765707575378451
5.7249999999999,5.7299999999999,0.331397088186407,0.01642880622102394,1.4514544928761124e-05,5.13994749746912,0.18030494092815702,1.144226025443117e-06,2.54897083493009,0.01954337081596358,-3.761396932127078e-07,0.3703546156648687
5.7499999999999,5.7549999999998995,0.3342083686003901,0.015615254848202868,1.4478647584537963e-05,5.126697604896666,0.18066682473808218,1.1406565958909846e-06,2.5364773299515324,0.019539542543985936,-3.741559810376636e-07,0.3668663109318524
5.774999999999899,5.779999999999899,0.33788215844316966,0.014815359507472928,1.4181812020925439e-05,5.122254115993126,0.18157865443805543,1.1549891288990722e-06,2.5177741760837753,0.019593354540131985,-3.8663527043768524e-07,0.3627406544097327
5.799999999999899,5.8049999999998985,0.34220974084877875,0.014033989567257052,1.3873436507228496e-05,5.104710025689037,0.1827834272947441,1.1274505007847307e-06,2.4900671629820086,0.019655592554433842,-3.6916794351703894e-07,0.3543651974893151
5.824999999999898,5.829999999999898,0.34562833700309753,0.013274047754005218,1.3834574834878855e-05,5.101826568001998,0.18308008965211464,1.1982089419899223e-06,2.4800454432801566,0.019651793901618527,-3.3531180628985853e-07,0.3504835122605382
5.8499999999998975,5.854999999999897,0.34939296398757097,0.012546563907566605,1.3579065986462534e-05,5.083478683926188,0.18430037089782395,1.1733585548299642e-06,2.455174726985212,0.019785265995712287,-3.117725964313845e-07,0.3441927065882397
5.874999999999897,5.879999999999897,0.35333738278043836,0.011836377214527795,1.3480449249078867e-05,5.082732137470834,0.18492557150821204,1.1931188725331714e-06,2.4381757257377017,0.019854025107386087,-3.189314905279102e-07,0.34024579453575504
5.899999999999896,5.904999999999896,0.3568032694497272,0.011153739086838891,1.3271549298830145e-05,5.069977824140277,0.18595675998129746,1.2085183096715662e-06,2.420344883244532,0.019919941789656993,-3.195370182219674e-07,0.334956435901505
5.924999999999896,5.929999999999896,0.36104784355116454,0.01048782263932567,1.3128938468588838e-05,5.057610336026418,0.18673074678516716,1.2218128493013693e-06,2.3959042159162327,0.019987199453528327,-3.0647443705538364e-07,0.3296324179509373
5.949999999999895,5.954999999999895,0.36320610901894507,0.009859501047336594,1.2990157018898918e-05,5.044856109113651,0.18780432375842485,1.2047848869777527e-06,2.3862970332167843,0.020019633330415176,-2.8835978701987504e-07,0.3258855558725106
5.974999999999895,5.979999999999895,0.36844284799725746,0.00926073535280382,1.2958862094462896e-05,5.035532984113647,0.1887261453123179,1.280157756216414e-06,2.363783834099655,0.020065595739884853,-2.707354357706074e-07,0.319859570479922
5.999999999999894,6.004999999999894,0.3720993914318059,0.008699266186616752,1.2757987259075994e-05,5.03239050157891,0.18990864839837812,1.252129877761837e-06,2.3460043302786917,0.020206923573174447,-2.7152114851856746e-07,0.3152085379156705
6.024999999999894,6.029999999999894,0.3757263839585015,0.008167574138638854,1.257503588718315e-05,5.014341380840269,0.19081955084302937,1.278268273886002e-06,2.3215332581761756,0.02028174591052805,-2.5493302034449996e-07,0.3083049546789917
6.049999999999893,6.054999999999893,0.37887773051984436,0.007674609598069992,1.2539265472050189e-05,5.005305296308111,0.19096297582900454,1.2945178773956927e-06,2.3113647895359457,0.02029908600396121,-2.4663706789994216e-07,0.3067185613761116
6.074999999999893,6.079999999999893,0.3843606782645981,0.007224975023082533,1.2275806195385632e-05,4.994949438822212,0.19256600635996038,1.2869615635347392e-06,2.291659986486519,0.020503747509845658,-2.497734745869748e-07,0.30079221088483593
6.099999999999892,6.104999999999892,0.3869716418510659,0.006820698070677811,1.2191790520982478e-05,4.986548264004171,0.1934944178869976,1.324564816676895e-06,2.2780217156881015,0.020515385163572826,-2.304575899763811e-07,0.2957275162708186
6.124999999999892,6.1299999999998915,0.3916705579839559,0.006460430443064486,1.2154226095243626e-05,4.970623120372145,0.19474617182633344,1.3775748109927974e-06,2.2598129523278967,0.020476563733661506,-2.0707161619905536e-07,0.2913132886182959
6.149999999999891,6.154999999999891,0.3947249535176723,0.006156385661174724,1.2118658592211103e-05,4.962609544826395,0.19575569749336544,1.3869539944623097e-06,2.2441941470670885,0.020561416086296948,-1.990668290872791e-07,0.28656323008287726
6.174999999999891,6.1799999999998905,0.3982874229428808,0.005903565498910459,1.1899271603624091e-05,4.952497396050005,0.19693220202816372,1.3403978544133211e-06,2.2249047417881243,0.020761813737504506,-2.099881954461794e-07,0.2846055708459054
6.19999999999989,6.20499999999989,0.40340247391571077,0.005707128348118253,1.172650762299594e-05,4.937319889113473,0.19791094599317902,1.334973437713709e-06,2.2043338356479043,0.020941117717167754,-1.8664071554796412e-07,0.2773214864225061
6.2249999999998895,6.229999999999889,0.407231130929131,0.005572063182258931,1.169954134393128e-05,4.921951565227504,0.1987391407102387,1.3358973303704239e-06,2.186058392547651,0.020983545554906568,-1.7574654479158525e-07,0.2699931116051433
6.249999999999889,6.254999999999889,0.4114378390008729,0.005482646802016623,1.1579440711911093e-05,4.927592221426419,0.19976446090790054,1.3215775319276731e-06,2.180534528891108,0.021014992197828267,-1.7547036729741604e-07,0.2701047394630227
6.2749999999998884,6.279999999999888,0.41575697408417056,0.005456221621556245,1.1408675550565791e-05,4.905480608820732,0.20112995753528481,1.3482828950765997e-06,2.1500750064703014,0.02108799166588,-1.812591112982419e-07,0.2615746866890344
6.299999999999888,6.304999999999888,0.4183309761113566,0.0054731651648014966,1.1480034932818011e-05,4.906866040549002,0.2017042100020838,1.3903422302491386e-06,2.1412084284153123,0.02115235609254113,-1.5533123903616732e-07,0.26018953131134515
6.324999999999887,6.329999999999887,0.4228437972971506,0.005537014619312309,1.1251653322432698e-05,4.895410904938828,0.20271876578868975,1.3338143284909862e-06,2.128140672191981,0.02123040653001025,-1.4758213161675923e-07,0.25586723933683087
6.349999999999887,6.354999999999887,0.4266044297586549,0.005637827183659958,1.1197586724163592e-05,4.883110897025247,0.2042811428447279,1.3951315451103535e-06,2.1151122029565275,0.021292920901567553,-1.6241655547712192e-07,0.2501443265443834
6.374999999999886,6.379999999999886,0.4321641857297813,0.005766661241155589,1.101176548432019e-05,4.870004356866191,0.2050445043363792,1.3852461173811112e-06,2.098373015113128,0.02131464622974076,-1.5635544762511358e-07,0.24574784896250537
6.399999999999886,6.404999999999886,0.43618993252735044,0.005935811140032775,1.1055029144310603e-05,4.861884771426495,0.20647270202229673,1.4034561493279445e-06,2.0832962036843323,0.02160499081857228,-1.2917693272444752e-07,0.24171395819183253
6.424999999999885,6.429999999999885,0.4388607946223897,0.0061201641277433445,1.0915211546306522e-05,4.854352113170087,0.20709294748390153,1.3819483955514487e-06,2.0716311599781188,0.02165021353813234,-1.1707077774185842e-07,0.23732178198035422
6.449999999999885,6.454999999999885,0.44371223182983843,0.006300466742117297,1.0559263286932532e-05,4.835502136388122,0.20849564719833963,1.2881889707938143e-06,2.046201263815319,0.021749847665944604,-1.3442707960984888e-07,0.23332477273499122
6.474999999999884,6.479999999999884,0.44715186326745693,0.006497004165245164,1.0814804155539472e-05,4.810168192935318,0.20987878686078215,1.3939461470855706e-06,2.0309056196312625,0.02165622061391571,-1.1012448541447489e-07,0.23228215309826433
6.499999999999884,6.5049999999998835,0.4499169545980726,0.00668565669945481,1.068683608381153e-05,4.7735437709032675,0.2100078881604924,1.4260064148105584e-06,2.0076282343428424,0.021749157263056828,-1.09532672197834e-07,0.22671261177221372
6.524999999999883,6.529999999999883,0.45444722339517574,0.006883979837385858,1.0660908706944504e-05,4.757767683702107,0.21138130876621672,1.3974262009848875e-06,1.9946271806878424,0.021940218758064227,-9.838434347526683e-08,0.22397050624804687
6.549999999999883,6.5549999999998825,0.4589452613484503,0.007091850100387463,1.044651077653187e-05,4.737847163888748,0.212104077637069,1.3886205006562885e-06,1.9670116100820931,0.021960905875299856,-1.0245247755696947e-07,0.21676673426009566
6.574999999999882,6.579999999999882,0.46231967503461563,0.007307081992934564,1.0461548682388581e-05,4.712134295811129,0.21319958700133765,1.4388635393733995e-06,1.9466624913550998,0.021994983314903023,-9.77669256513409e-08,0.21167261374385418
6.5999999999998815,6.604999999999881,0.4677115938231808,0.007525250333748754,1.0408937727691237e-05,4.697325458255359,0.2145558372682364,1.4317097312025891e-06,1.9337260643157705,0.022055838901038207,-7.962598620313395e-08,0.20628975663963983
6.624999999999881,6.629999999999881,0.4703037806373377,0.0077490176893784055,1.0186257891036045e-05,4.692681934594616,0.21529884502619076,1.328924157901377e-06,1.9237882455551802,0.02223149906777529,-6.649884066783527e-08,0.20894671122130073
6.6499999999998805,6.65499999999988,0.47428872273337697,0.00797047566919376,1.0163914492864978e-05,4.678515536566989,0.21639856444622677,1.3712665758893195e-06,1.9143190950735074,0.022347352216267373,-6.379833682771088e-08,0.20365191567348753
6.67499999999988,6.67999999999988,0.477996999840366,0.008182779523150824,1.0082029523250165e-05,4.665459295270098,0.21661384568043,1.3213231499067043e-06,1.8908788374308034,0.022381270463096587,-8.664178915733364e-08,0.19897946976799008
6.699999999999879,6.704999999999879,0.4831754123262849,0.008395213930158062,1.0022318934645026e-05,4.65677060742342,0.21813676760306028,1.3452292185479945e-06,1.8853309302203112,0.02241981535769129,-8.217571394254893e-08,0.19684996390311102
6.724999999999879,6.729999999999879,0.4853753300784165,0.008595266060212542,9.798628085545594e-06,4.643948084507748,0.21881361296899152,1.2904777489152072e-06,1.8763478812278918,0.02249521777410502,-6.591156482860332e-08,0.1905425628639045
6.749999999999878,6.754999999999878,0.491260288709973,0.008778877314193276,9.778591768029629e-06,4.635853674220248,0.2202745194236114,1.2852627390307e-06,1.858250827517847,0.02254076670057481,-5.690502198406853e-08,0.18773305884271496
6.774999999999878,6.779999999999878,0.49577632544127764,0.008959610032967186,9.793232470201312e-06,4.614370349762192,0.22173491674050236,1.3075469071844668e-06,1.843061348503884,0.0227905779757774,-6.197249255010152e-08,0.18236232949083903
6.799999999999877,6.804999999999877,0.49984788898443605,0.009132842474519303,9.631851852051796e-06,4.621480969728109,0.22207818754337616,1.2798414173214746e-06,1.8372863854430552,0.02281558241989352,-8.282853740009098e-08,0.18108255629002387
6.824999999999877,6.829999999999877,0.5014226411332054,0.009294790774857361,9.487353125588375e-06,4.621192516462196,0.2228354642120085,1.2835090583495105e-06,1.8331503631585193,0.022715079114805754,-6.39609213491628e-08,0.17893283525303932
6.849999999999876,6.854999999999876,0.5065062115624716,0.009441611154951629,9.435265415010264e-06,4.6004118157503475,0.22447185859686883,1.2681646473903176e-06,1.8136233968542776,0.02273871819815061,-3.7550459461046994e-08,0.17494453638401705
6.874999999999876,6.8799999999998755,0.5103193102795404,0.00957845486606971,9.372754695217277e-06,4.593885121813028,0.22569915699014176,1.2435325011225717e-06,1.8112660673132375,0.022908548918241282,-3.842660215377045e-08,0.1750550607422527
6.899999999999875,6.904999999999875,0.5138223352197042,0.009703511965431757,9.261899863412105e-06,4.607049523180111,0.22630765832414731,1.183192250040121e-06,1.809608848855176,0.023019682019247447,-5.799830490275453e-08,0.17303169450773695
6.924999999999875,6.9299999999998745,0.5177489238314231,0.009810780600602044,9.15950618196493e-06,4.588744373967263,0.2279403895721945,1.2110149031929807e-06,1.798401270836447,0.023159622576284723,-5.405894745287873e-08,0.16881484190234328
6.949999999999874,6.954999999999874,0.5222794394754732,0.009903059349455703,9.210396913574526e-06,4.590750594292334,0.228546380458831,1.1713137614630328e-06,1.7921789771621641,0.023238545831901967,-4.603267767512638e-08,0.16884184336290187
6.9749999999998735,6.979999999999873,0.525536675369588,0.009984784571824716,8.91110264411198e-06,4.583811063184794,0.22970976923364217,1.101757325167189e-06,1.787142949326661,0.023322620135007216,-3.6870961575532045e-08,0.1657455576130795
6.999999999999873,7.004999999999873,0.5300260190397785,0.010050407626999438,8.854824163710645e-06,4.586154901935016,0.23103376692569363,1.1048544694593213e-06,1.7828179146414653,0.023332399054127168,-5.1146077849365764e-08,0.1629065190300851
7.0249999999998725,7.029999999999872,0.532723958498696,0.010095673088098153,8.924523644455989e-06,4.57397579064243,0.2318696923743501,1.125367559591093e-06,1.7722389184123744,0.023312729279767873,-4.075726749432521e-08,0.15895271936519695
7.049999999999872,7.054999999999872,0.5366359545409451,0.010127868527232985,8.78731498403456e-06,4.575097546107806,0.23254331323556493,1.0299720636046293e-06,1.768697804452185,0.02354945461734888,-3.6956531641887415e-08,0.1611618172739447
7.074999999999871,7.079999999999871,0.5404211043708212,0.010145256202399167,8.674472929956942e-06,4.576542169601099,0.23423570533818588,1.0255069745773324e-06,1.7636103877912281,0.023616630486671567,-4.327451654764472e-08,0.1561689775084657
7.099999999999871,7.104999999999871,0.5443844114829423,0.010152766442309058,8.565567433122833e-06,4.56456750612948,0.23534608736982643,1.063929643365399e-06,1.7590312058127355,0.023719555516261225,-3.307752904373041e-08,0.15567515152728864
7.12499999999987,7.12999999999987,0.5479058768749623,0.010149267057671043,8.454107243572371e-06,4.571737399249968,0.2360380136919814,1.0448903078141262e-06,1.7565034670414021,0.023803706325610227,-3.769039521688383e-08,0.1546854248764709
7.14999999999987,7.15499999999987,0.5514786822701494,0.010127445808378844,8.371900734199648e-06,4.5639868465039894,0.23736676661095654,9.757251935094717e-07,1.7502373970775535,0.023920857268235708,-2.243851069654949e-08,0.1537032713114344
7.174999999999869,7.179999999999869,0.5535527039049316,0.010090894716296853,8.241154947331791e-06,4.591306797264701,0.23825814876922166,9.316590592505442e-07,1.7641540029499467,0.023928429234433873,-2.7346981634936116e-08,0.15491631930421532
7.199999999999869,7.204999999999869,0.5585376527935931,0.010038105292491772,8.188547483571067e-06,4.582776247476149,0.2394718039775368,9.574109015499406e-07,1.7561224819054244,0.023906133721503353,-4.7040545075017375e-08,0.1511436559578936
7.224999999999868,7.229999999999868,0.5612187945332034,0.009974612780305966,8.22955112433041e-06,4.582422047700495,0.2404953605677246,9.476676794690065e-07,1.7543027896600139,0.02405204010908201,-3.416884677400528e-08,0.1483718079044341
